-- phpMyAdmin SQL Dump
-- version 5.2.1
-- https://www.phpmyadmin.net/
--
-- Host: localhost
-- Generation Time: Apr 14, 2025 at 05:17 AM
-- Server version: 10.4.28-MariaDB
-- PHP Version: 8.2.4
SET
  SQL_MODE = "NO_AUTO_VALUE_ON_ZERO";

START TRANSACTION;

SET
  time_zone = "+00:00";

/*!40101 SET @OLD_CHARACTER_SET_CLIENT=@@CHARACTER_SET_CLIENT */
;

/*!40101 SET @OLD_CHARACTER_SET_RESULTS=@@CHARACTER_SET_RESULTS */
;

/*!40101 SET @OLD_COLLATION_CONNECTION=@@COLLATION_CONNECTION */
;

/*!40101 SET NAMES utf8mb4 */
;

--
-- Database: `BIT301`
--
-- --------------------------------------------------------
--
-- Table structure for table `bookings`
--
CREATE TABLE `bookings` (
  `id` char(36) NOT NULL,
  `userId` char(36) DEFAULT NULL,
  `productId` char(36) DEFAULT NULL,
  `totalPrice` decimal(10, 2) DEFAULT NULL,
  `promoCode` varchar(50) DEFAULT NULL,
  `status` enum('CONFIRMED', 'CANCELLED', 'PENDING') DEFAULT NULL,
  `paymentIntentId` varchar(255) DEFAULT NULL,
  `createdAt` datetime DEFAULT current_timestamp()
) ENGINE = InnoDB DEFAULT CHARSET = utf8mb4 COLLATE = utf8mb4_general_ci;

--
-- Dumping data for table `bookings`
--
INSERT INTO
  `bookings` (
    `id`,
    `userId`,
    `productId`,
    `totalPrice`,
    `promoCode`,
    `status`,
    `paymentIntentId`,
    `createdAt`
  )
VALUES
  (
    '0621351d-e0f7-4f22-bea1-3ddb5bf1aada',
    '11ffb377-726b-11ee-9678-00ff02f405b2',
    'c182d594-8e76-4eb4-9c80-71c3cf43c498',
    765.00,
    'test1',
    'CANCELLED',
    'pi_3RCYxFHj6hsV7O0B0444wgEb',
    '2025-04-11 12:12:24'
  ),
  (
    '44820772-015e-457d-a6cc-984db5a3114e',
    '11ffb377-726b-11ee-9678-00ff02f405b2',
    'c182d594-8e76-4eb4-9c80-71c3cf43c498',
    765.00,
    'test1',
    'CONFIRMED',
    'pi_3RCZ2YHj6hsV7O0B10XnF4cl',
    '2025-04-11 12:17:51'
  );

-- --------------------------------------------------------
--
-- Table structure for table `booking_seats`
--
CREATE TABLE `booking_seats` (
  `id` int(11) NOT NULL,
  `bookingId` char(36) NOT NULL,
  `seatId` char(36) NOT NULL
) ENGINE = InnoDB DEFAULT CHARSET = utf8mb4 COLLATE = utf8mb4_general_ci;

--
-- Dumping data for table `booking_seats`
--
INSERT INTO
  `booking_seats` (`id`, `bookingId`, `seatId`)
VALUES
  (
    4,
    '0621351d-e0f7-4f22-bea1-3ddb5bf1aada',
    '8708328b-64ad-4b70-9928-de063cf0625b'
  ),
  (
    5,
    '0621351d-e0f7-4f22-bea1-3ddb5bf1aada',
    '0372a3c3-3669-4588-9068-2bf82bbaea43'
  ),
  (
    6,
    '0621351d-e0f7-4f22-bea1-3ddb5bf1aada',
    'f918e3fe-8299-4bc8-8c52-b02512b160c0'
  ),
  (
    7,
    '44820772-015e-457d-a6cc-984db5a3114e',
    '0372a3c3-3669-4588-9068-2bf82bbaea43'
  ),
  (
    8,
    '44820772-015e-457d-a6cc-984db5a3114e',
    'f918e3fe-8299-4bc8-8c52-b02512b160c0'
  ),
  (
    9,
    '44820772-015e-457d-a6cc-984db5a3114e',
    '06f34baa-8c72-450a-8e70-fc1114e5d9c4'
  );

-- --------------------------------------------------------
--
-- Table structure for table `customer`
--
CREATE TABLE `customer` (
  `id` varchar(36) NOT NULL,
  `createdAt` timestamp NOT NULL DEFAULT current_timestamp(),
  `updatedAT` timestamp NOT NULL DEFAULT current_timestamp(),
  `fullName` char(50) NOT NULL,
  `birthday` date NOT NULL,
  `phoneNumber` varchar(11) NOT NULL,
  `email` varchar(50) NOT NULL,
  `userId` varchar(36) NOT NULL
) ENGINE = InnoDB DEFAULT CHARSET = utf8mb4 COLLATE = utf8mb4_general_ci;

--
-- Dumping data for table `customer`
--
INSERT INTO
  `customer` (
    `id`,
    `createdAt`,
    `updatedAT`,
    `fullName`,
    `birthday`,
    `phoneNumber`,
    `email`,
    `userId`
  )
VALUES
  (
    '1485788c-726b-11ee-9678-00ff02f405b2',
    '2023-10-24 12:44:32',
    '2023-10-24 12:44:32',
    'Gerald Lee Jia',
    '2001-11-14',
    '0186689133',
    'geraldlee168168@gmail.com',
    '11ffb377-726b-11ee-9678-00ff02f405b2'
  );

-- --------------------------------------------------------
--
-- Table structure for table `document`
--
CREATE TABLE `document` (
  `id` varchar(36) NOT NULL,
  `fileName` varchar(255) NOT NULL,
  `fileUrl` varchar(9999) NOT NULL
) ENGINE = InnoDB DEFAULT CHARSET = utf8mb4 COLLATE = utf8mb4_general_ci;

--
-- Dumping data for table `document`
--
INSERT INTO
  `document` (`id`, `fileName`, `fileUrl`)
VALUES
  (
    '017c8850-729b-47ae-9b41-0a195d828b01',
    'Confirmation_for_Booking_ID_#_1085857893.pdf',
    'uploads/Confirmation_for_Booking_ID.pdf'
  ),
  (
    '0da1279f-4c1a-4ef4-a9fc-277149a74069',
    'Confirmation_for_Booking_ID_#_1085857893.pdf',
    'uploads/Confirmation_for_Booking_ID.pdf'
  ),
  (
    '1f1b5f6e-bea2-4150-bc5b-111fd13e06ed',
    'Materials needed for dance team.pdf',
    'uploads/Materials needed for dance team.pdf'
  ),
  (
    '2ab0892a-0b2b-4a4e-bfb9-c106cad3aade',
    'Informational Interview Questions (1).pdf',
    'uploads/Informational Interview Questions (1).pdf'
  ),
  (
    '30e3082f-d6c6-40d0-b00c-bc2d2c80efde',
    'Confirmation_for_Booking_ID_#_1085857893.pdf',
    'uploads/Confirmation_for_Booking_ID.pdf'
  ),
  (
    '42abcb7c-26af-418e-9008-22a56d0b5b78',
    'Confirmation_for_Booking_ID_#_1085857893.pdf',
    'uploads/Confirmation_for_Booking_ID.pdf'
  ),
  (
    '71d7e4fd-8bb1-4e5f-ad9c-2985f5bb6c06',
    'Confirmation_for_Booking_ID_#_1085857893.pdf',
    'uploads/Confirmation_for_Booking_ID.pdf'
  ),
  (
    '8375adb3-a18f-4777-b607-00bc2beedea7',
    'receipt-6770af5e7e21697.pdf',
    'uploads/receipt-6770af5e7e21697.pdf'
  ),
  (
    '886cfa9a-7d3f-11ee-801f-00ff02f405b2',
    'test',
    'https://www.google.com/url?sa=t&rct=j&q=&esrc=s&source=web&cd=&cad=rja&uact=8&ved=2ahUKEwjIiuGCr7GCAxWSR2cHHbAiAiIQFnoECAgQAQ&url=https%3A%2F%2Fwww.w3.org%2FWAI%2FER%2Ftests%2Fxhtml%2Ftestfiles%2Fresources%2Fpdf%2Fdummy.pdf&usg=AOvVaw1yfXcABf-Bej4cjTs8tPJn&opi=89978449'
  ),
  (
    'b25eb92f-4f6e-409a-9e17-e3ee594ec2ad',
    'Profile.pdf',
    'uploads/Profile.pdf'
  ),
  (
    'd4ea07a5-3038-4743-a5c8-2e15dadb8b9f',
    'Materials needed for dance team.pdf',
    'uploads/Materials needed for dance team.pdf'
  ),
  (
    'fb4aa54e-dfba-4d0c-84bc-7cc8e2280b3a',
    'BCS302_Assignment1 Tasks (1).pdf',
    'uploads/BCS302_Assignment1 Tasks (1).pdf'
  );

-- --------------------------------------------------------
--
-- Table structure for table `merchants`
--
CREATE TABLE `merchants` (
  `ID` varchar(36) NOT NULL,
  `createdAt` timestamp NOT NULL DEFAULT current_timestamp(),
  `updatedAt` timestamp NOT NULL DEFAULT current_timestamp(),
  `merchantName` varchar(255) NOT NULL,
  `contactNumber` varchar(20) NOT NULL,
  `email` varchar(255) NOT NULL,
  `userId` varchar(36) NOT NULL
) ENGINE = InnoDB DEFAULT CHARSET = utf8mb4 COLLATE = utf8mb4_general_ci;

--
-- Dumping data for table `merchants`
--
INSERT INTO
  `merchants` (
    `ID`,
    `createdAt`,
    `updatedAt`,
    `merchantName`,
    `contactNumber`,
    `email`,
    `userId`
  )
VALUES
  (
    '073d4927-d4a1-40a9-9997-ea6f93edd0b6',
    '2025-03-17 03:49:37',
    '2025-03-17 03:49:37',
    'organizer 5',
    '01812312313',
    'geraldlee1688@gmail.com',
    '97036cc7-ee6c-495b-a1b0-a0ba5e6be827'
  ),
  (
    '2e6066c3-8d6f-4223-b8d9-f1f855cff182',
    '2025-03-16 14:18:52',
    '2025-03-16 14:18:52',
    'organizer 4',
    '01812312313',
    'geraldlee1114+1@gmail.com',
    '685523cf-21f7-4e7f-9ac3-e889d8f2e95d'
  ),
  (
    '9a88aef0-c09a-478d-a73c-87e6fd85936f',
    '2025-03-15 08:25:27',
    '2025-03-15 08:25:27',
    'organizer 2',
    '01812312313',
    'geraldlee168168+1@gmail.com',
    '23003a03-1857-4bb0-a29a-927d20e2b2c6'
  ),
  (
    'a2d46c1f-82be-46ce-81c0-44279a12942b',
    '2025-03-16 13:57:37',
    '2025-03-16 13:57:37',
    'organizer 3',
    '01812312313',
    'geraldlee1114@gmail.com',
    'd78b79da-a9bf-4ff0-9a01-cdaf5d2fae10'
  ),
  (
    'f87939bf-5431-4137-9d2d-dbbf5fe670e9',
    '2025-03-13 09:54:29',
    '2025-03-13 09:54:29',
    'organizer 1',
    '01812312313',
    'geraldlee168168@gmail.com',
    '5967a9f4-220e-4354-b273-0589e4aa1504'
  );

-- --------------------------------------------------------
--
-- Table structure for table `product`
--
CREATE TABLE `product` (
  `ID` varchar(36) NOT NULL,
  `createdAt` timestamp NOT NULL DEFAULT current_timestamp(),
  `updatedAt` timestamp NOT NULL DEFAULT current_timestamp(),
  `name` varchar(255) NOT NULL,
  `date` date NOT NULL,
  `time` time NOT NULL,
  `productCode` varchar(20) NOT NULL,
  `description` varchar(9999) NOT NULL,
  `imageUrl` varchar(1000) DEFAULT NULL,
  `merchantID` varchar(36) NOT NULL
) ENGINE = InnoDB DEFAULT CHARSET = utf8mb4 COLLATE = utf8mb4_general_ci;

--
-- Dumping data for table `product`
--
INSERT INTO
  `product` (
    `ID`,
    `createdAt`,
    `updatedAt`,
    `name`,
    `date`,
    `time`,
    `productCode`,
    `description`,
    `imageUrl`,
    `merchantID`
  )
VALUES
  (
    'c182d594-8e76-4eb4-9c80-71c3cf43c498',
    '2025-04-09 04:48:39',
    '2025-04-09 04:48:39',
    'test123123',
    '2025-05-03',
    '20:00:00',
    'test123123',
    'test123123',
    '../uploads/product_67f5fc2743d8f.jpg',
    'f87939bf-5431-4137-9d2d-dbbf5fe670e9'
  ),
  (
    'f58e668b-f0b9-4c20-ba8e-585f1974acb0',
    '2025-03-11 04:14:19',
    '2025-03-11 04:14:19',
    'Testing',
    '2025-03-28',
    '20:00:00',
    'testing-1',
    'testing',
    'uploads/background.jpg',
    'f87939bf-5431-4137-9d2d-dbbf5fe670e9'
  );

-- --------------------------------------------------------
--
-- Table structure for table `promo_codes`
--
CREATE TABLE `promo_codes` (
  `id` varchar(36) NOT NULL,
  `merchantId` varchar(36) NOT NULL,
  `productId` varchar(36) NOT NULL,
  `code` varchar(50) NOT NULL,
  `discount_amount` decimal(10, 2) NOT NULL,
  `discount_type` enum('percentage', 'fixed') NOT NULL,
  `start_date` date NOT NULL,
  `expiry_date` date NOT NULL,
  `usage_limit` int(11) NOT NULL,
  `current_usage` int(11) DEFAULT 0,
  `created_at` timestamp NOT NULL DEFAULT current_timestamp()
) ENGINE = InnoDB DEFAULT CHARSET = utf8mb4 COLLATE = utf8mb4_general_ci;

--
-- Dumping data for table `promo_codes`
--
INSERT INTO
  `promo_codes` (
    `id`,
    `merchantId`,
    `productId`,
    `code`,
    `discount_amount`,
    `discount_type`,
    `start_date`,
    `expiry_date`,
    `usage_limit`,
    `current_usage`,
    `created_at`
  )
VALUES
  (
    '1eea260f-40ee-4e5d-9b72-99cf4db536eb',
    'f87939bf-5431-4137-9d2d-dbbf5fe670e9',
    'c182d594-8e76-4eb4-9c80-71c3cf43c498',
    'EST',
    15.00,
    'percentage',
    '2025-04-01',
    '2025-04-30',
    1555,
    0,
    '2025-04-09 06:40:36'
  ),
  (
    '96ead92b-b31b-4504-bd41-9f69f886386b',
    'f87939bf-5431-4137-9d2d-dbbf5fe670e9',
    'c182d594-8e76-4eb4-9c80-71c3cf43c498',
    'TESTING123444',
    500.00,
    'fixed',
    '2025-04-01',
    '2025-04-30',
    15,
    0,
    '2025-04-09 06:38:59'
  ),
  (
    'a8df0afe-b7d1-4614-aca4-bbdff50326cb',
    'f87939bf-5431-4137-9d2d-dbbf5fe670e9',
    'f58e668b-f0b9-4c20-ba8e-585f1974acb0',
    'TEST',
    15.00,
    'percentage',
    '2025-04-02',
    '2025-04-30',
    150,
    0,
    '2025-04-09 06:21:04'
  ),
  (
    'cfb7cfc5-e184-40ae-a153-a44ad32aa3e6',
    'f87939bf-5431-4137-9d2d-dbbf5fe670e9',
    'c182d594-8e76-4eb4-9c80-71c3cf43c498',
    'TEST1',
    15.00,
    'percentage',
    '2025-04-01',
    '2025-04-30',
    15,
    1,
    '2025-04-09 06:37:56'
  );

-- --------------------------------------------------------
--
-- Table structure for table `seats`
--
CREATE TABLE `seats` (
  `id` char(36) NOT NULL,
  `eventId` char(36) DEFAULT NULL,
  `seatRow` varchar(10) DEFAULT NULL,
  `seatNumber` int(11) DEFAULT NULL,
  `isBooked` tinyint(1) DEFAULT 0,
  `ticketTypeId` char(36) NOT NULL
) ENGINE = InnoDB DEFAULT CHARSET = utf8mb4 COLLATE = utf8mb4_general_ci;

--
-- Dumping data for table `seats`
--
INSERT INTO
  `seats` (
    `id`,
    `eventId`,
    `seatRow`,
    `seatNumber`,
    `isBooked`,
    `ticketTypeId`
  )
VALUES
  (
    '00690676-8c69-4f9a-a47f-2cc1e3cb0223',
    'c182d594-8e76-4eb4-9c80-71c3cf43c498',
    'F',
    6,
    0,
    'a470bfc5-a348-44c5-8311-17002578460d'
  ),
  (
    '00cf3028-785e-4f45-b6e9-b60b6d3e17f9',
    'c182d594-8e76-4eb4-9c80-71c3cf43c498',
    'DD',
    21,
    0,
    '12c14551-0860-44d3-a0b0-8946c5024373'
  ),
  (
    '011cda35-a89e-4bed-a987-e88cff6faab7',
    'c182d594-8e76-4eb4-9c80-71c3cf43c498',
    'C',
    11,
    0,
    '1a5d7d5c-45ff-4997-bb50-fe41b41ea607'
  ),
  (
    '011d1282-0582-4e5e-9e50-ebb8e732ff73',
    'c182d594-8e76-4eb4-9c80-71c3cf43c498',
    'D',
    28,
    0,
    '1a5d7d5c-45ff-4997-bb50-fe41b41ea607'
  ),
  (
    '0124d25c-4e0c-48d6-8dbc-f2e809afa087',
    'c182d594-8e76-4eb4-9c80-71c3cf43c498',
    'EE',
    10,
    0,
    '12c14551-0860-44d3-a0b0-8946c5024373'
  ),
  (
    '020a5455-7aa2-4ad6-8a70-ebc658157e28',
    'c182d594-8e76-4eb4-9c80-71c3cf43c498',
    'AA',
    23,
    0,
    '12c14551-0860-44d3-a0b0-8946c5024373'
  ),
  (
    '0210eca0-3b91-4bb5-839a-330f28577587',
    'c182d594-8e76-4eb4-9c80-71c3cf43c498',
    'CC',
    35,
    0,
    '12c14551-0860-44d3-a0b0-8946c5024373'
  ),
  (
    '02e006af-490e-44a6-996d-bbaa4324c55f',
    'c182d594-8e76-4eb4-9c80-71c3cf43c498',
    'E',
    24,
    0,
    'a470bfc5-a348-44c5-8311-17002578460d'
  ),
  (
    '032d7300-59c2-41ca-b9bc-bd5629bedb65',
    'c182d594-8e76-4eb4-9c80-71c3cf43c498',
    'G',
    12,
    0,
    '12c14551-0860-44d3-a0b0-8946c5024373'
  ),
  (
    '0372a3c3-3669-4588-9068-2bf82bbaea43',
    'c182d594-8e76-4eb4-9c80-71c3cf43c498',
    'A',
    23,
    1,
    '14fee2dc-abb2-4630-be5a-324fe4e85fae'
  ),
  (
    '040afc3b-e214-4539-86c1-adf76e9991aa',
    'c182d594-8e76-4eb4-9c80-71c3cf43c498',
    'BB',
    48,
    0,
    '12c14551-0860-44d3-a0b0-8946c5024373'
  ),
  (
    '0555a80e-c20a-490b-a115-c558aa55639a',
    'c182d594-8e76-4eb4-9c80-71c3cf43c498',
    'A',
    1,
    0,
    '14fee2dc-abb2-4630-be5a-324fe4e85fae'
  ),
  (
    '05818a38-e742-4cee-bf9d-f35ad4e92266',
    'c182d594-8e76-4eb4-9c80-71c3cf43c498',
    'CC',
    34,
    0,
    '12c14551-0860-44d3-a0b0-8946c5024373'
  ),
  (
    '05b5c196-ff88-4ebc-8b92-15fb2ed0b5fc',
    'c182d594-8e76-4eb4-9c80-71c3cf43c498',
    'A',
    15,
    0,
    '14fee2dc-abb2-4630-be5a-324fe4e85fae'
  ),
  (
    '05bf4a97-af1b-4c85-ac36-5f8b4b1f6d0b',
    'c182d594-8e76-4eb4-9c80-71c3cf43c498',
    'B',
    38,
    0,
    '1a5d7d5c-45ff-4997-bb50-fe41b41ea607'
  ),
  (
    '05f28702-9913-479c-9bd0-27c0d12d5126',
    'c182d594-8e76-4eb4-9c80-71c3cf43c498',
    'A',
    2,
    0,
    '14fee2dc-abb2-4630-be5a-324fe4e85fae'
  ),
  (
    '05fc682d-cada-49a5-afe4-a9a557bed4a7',
    'c182d594-8e76-4eb4-9c80-71c3cf43c498',
    'DD',
    23,
    0,
    '12c14551-0860-44d3-a0b0-8946c5024373'
  ),
  (
    '060b2043-8a4a-43b5-97bd-071b8d8d0db7',
    'c182d594-8e76-4eb4-9c80-71c3cf43c498',
    'E',
    10,
    0,
    'a470bfc5-a348-44c5-8311-17002578460d'
  ),
  (
    '0630e16c-a510-427c-b913-fd68ffb41ea7',
    'c182d594-8e76-4eb4-9c80-71c3cf43c498',
    'E',
    4,
    0,
    'a470bfc5-a348-44c5-8311-17002578460d'
  ),
  (
    '0632da2b-6e1b-483c-bee1-d982519fcbc0',
    'c182d594-8e76-4eb4-9c80-71c3cf43c498',
    'L',
    5,
    0,
    '12c14551-0860-44d3-a0b0-8946c5024373'
  ),
  (
    '06f34baa-8c72-450a-8e70-fc1114e5d9c4',
    'c182d594-8e76-4eb4-9c80-71c3cf43c498',
    'A',
    25,
    1,
    '14fee2dc-abb2-4630-be5a-324fe4e85fae'
  ),
  (
    '0702fc07-649e-4cc3-9346-ef1688edca63',
    'c182d594-8e76-4eb4-9c80-71c3cf43c498',
    'C',
    30,
    0,
    '1a5d7d5c-45ff-4997-bb50-fe41b41ea607'
  ),
  (
    '073e1cbf-e7d4-43fd-bea1-edc722c38a06',
    'c182d594-8e76-4eb4-9c80-71c3cf43c498',
    'B',
    4,
    0,
    '1a5d7d5c-45ff-4997-bb50-fe41b41ea607'
  ),
  (
    '0786ed22-bdee-4f0d-ba7a-b46b89c3a037',
    'c182d594-8e76-4eb4-9c80-71c3cf43c498',
    'D',
    12,
    0,
    '1a5d7d5c-45ff-4997-bb50-fe41b41ea607'
  ),
  (
    '07b41cc9-9b8b-493f-baf1-76d384ab85f2',
    'c182d594-8e76-4eb4-9c80-71c3cf43c498',
    'F',
    41,
    0,
    '12c14551-0860-44d3-a0b0-8946c5024373'
  ),
  (
    '07f9b20c-253f-4cba-81a8-b41a0063ac3e',
    'c182d594-8e76-4eb4-9c80-71c3cf43c498',
    'J',
    5,
    0,
    '12c14551-0860-44d3-a0b0-8946c5024373'
  ),
  (
    '07fc7cbf-cb95-4058-b8f8-c490bded4994',
    'c182d594-8e76-4eb4-9c80-71c3cf43c498',
    'CC',
    45,
    0,
    '12c14551-0860-44d3-a0b0-8946c5024373'
  ),
  (
    '081e5542-e5d0-4aa7-972d-c26dc7eeced5',
    'c182d594-8e76-4eb4-9c80-71c3cf43c498',
    'EE',
    24,
    0,
    '12c14551-0860-44d3-a0b0-8946c5024373'
  ),
  (
    '088b6bdb-bc9e-4fe1-8b57-05ebd7415396',
    'c182d594-8e76-4eb4-9c80-71c3cf43c498',
    'EE',
    40,
    0,
    '12c14551-0860-44d3-a0b0-8946c5024373'
  ),
  (
    '090e36b4-95a4-466c-9063-7c856a4294d1',
    'c182d594-8e76-4eb4-9c80-71c3cf43c498',
    'G',
    27,
    0,
    '12c14551-0860-44d3-a0b0-8946c5024373'
  ),
  (
    '0a066b6f-d7ab-4712-bd61-d1069c841b47',
    'c182d594-8e76-4eb4-9c80-71c3cf43c498',
    'G',
    25,
    0,
    '12c14551-0860-44d3-a0b0-8946c5024373'
  ),
  (
    '0a0b652b-f06b-4484-8d5b-e3ac84c52db0',
    'c182d594-8e76-4eb4-9c80-71c3cf43c498',
    'G',
    16,
    0,
    '12c14551-0860-44d3-a0b0-8946c5024373'
  ),
  (
    '0a75bc9a-8af1-4360-8948-32717bdbdab6',
    'c182d594-8e76-4eb4-9c80-71c3cf43c498',
    'F',
    10,
    0,
    '12c14551-0860-44d3-a0b0-8946c5024373'
  ),
  (
    '0aad8dd1-b7b5-4509-b2e3-7668533fef62',
    'c182d594-8e76-4eb4-9c80-71c3cf43c498',
    'L',
    29,
    0,
    '12c14551-0860-44d3-a0b0-8946c5024373'
  ),
  (
    '0af0ca79-aa7f-4606-a5ec-862ff6632fa7',
    'c182d594-8e76-4eb4-9c80-71c3cf43c498',
    'D',
    47,
    0,
    '1a5d7d5c-45ff-4997-bb50-fe41b41ea607'
  ),
  (
    '0b411a58-a0c3-4914-8fc2-d66a0c6abb8f',
    'c182d594-8e76-4eb4-9c80-71c3cf43c498',
    'J',
    24,
    0,
    '12c14551-0860-44d3-a0b0-8946c5024373'
  ),
  (
    '0b70a5e5-e690-433c-809f-c6fd260fcc87',
    'c182d594-8e76-4eb4-9c80-71c3cf43c498',
    'C',
    18,
    0,
    '1a5d7d5c-45ff-4997-bb50-fe41b41ea607'
  ),
  (
    '0bbe41a1-a611-411f-b170-8226d4cc0b56',
    'c182d594-8e76-4eb4-9c80-71c3cf43c498',
    'DD',
    33,
    0,
    '12c14551-0860-44d3-a0b0-8946c5024373'
  ),
  (
    '0bc4af8d-9f74-4b4e-95a2-b67e417c8ab0',
    'c182d594-8e76-4eb4-9c80-71c3cf43c498',
    'B',
    19,
    0,
    '1a5d7d5c-45ff-4997-bb50-fe41b41ea607'
  ),
  (
    '0bdef6d7-368e-45b9-8683-97f6b0a1d04c',
    'c182d594-8e76-4eb4-9c80-71c3cf43c498',
    'A',
    42,
    0,
    '14fee2dc-abb2-4630-be5a-324fe4e85fae'
  ),
  (
    '0c0bb476-43ea-4f97-81c4-89a0e3cd41cf',
    'c182d594-8e76-4eb4-9c80-71c3cf43c498',
    'CC',
    9,
    0,
    '12c14551-0860-44d3-a0b0-8946c5024373'
  ),
  (
    '0c365ffe-5ae4-4344-b8d5-b48cef24b2c6',
    'c182d594-8e76-4eb4-9c80-71c3cf43c498',
    'F',
    43,
    0,
    '12c14551-0860-44d3-a0b0-8946c5024373'
  ),
  (
    '0c91ccd5-b8b3-4f8f-baf1-2f30edf24383',
    'c182d594-8e76-4eb4-9c80-71c3cf43c498',
    'F',
    3,
    0,
    'a470bfc5-a348-44c5-8311-17002578460d'
  ),
  (
    '0c96f705-7b81-4ca8-978c-d1c0162ee321',
    'c182d594-8e76-4eb4-9c80-71c3cf43c498',
    'K',
    3,
    0,
    '12c14551-0860-44d3-a0b0-8946c5024373'
  ),
  (
    '0c9a3318-172c-4eb7-abee-c45779251d8d',
    'c182d594-8e76-4eb4-9c80-71c3cf43c498',
    'DD',
    24,
    0,
    '12c14551-0860-44d3-a0b0-8946c5024373'
  ),
  (
    '0cfa3127-5e7a-44d3-a7f3-2c921aa13a98',
    'c182d594-8e76-4eb4-9c80-71c3cf43c498',
    'DD',
    26,
    0,
    '12c14551-0860-44d3-a0b0-8946c5024373'
  ),
  (
    '0d21baed-6721-4a35-9ef9-3391412b096c',
    'c182d594-8e76-4eb4-9c80-71c3cf43c498',
    'AA',
    45,
    0,
    '12c14551-0860-44d3-a0b0-8946c5024373'
  ),
  (
    '0d75aa12-a96c-4842-bc98-f3bd2843d476',
    'c182d594-8e76-4eb4-9c80-71c3cf43c498',
    'H',
    17,
    0,
    '12c14551-0860-44d3-a0b0-8946c5024373'
  ),
  (
    '0e2e4f14-bd6f-4f95-8cac-a3870eaec39f',
    'c182d594-8e76-4eb4-9c80-71c3cf43c498',
    'AA',
    33,
    0,
    '12c14551-0860-44d3-a0b0-8946c5024373'
  ),
  (
    '0e96c579-38d4-48d1-a479-7ef0dd46b41d',
    'c182d594-8e76-4eb4-9c80-71c3cf43c498',
    'G',
    20,
    0,
    '12c14551-0860-44d3-a0b0-8946c5024373'
  ),
  (
    '0ea7fc86-ca81-45ab-86f2-8fa736a8480f',
    'c182d594-8e76-4eb4-9c80-71c3cf43c498',
    'BB',
    27,
    0,
    '12c14551-0860-44d3-a0b0-8946c5024373'
  ),
  (
    '0f0958be-9010-4985-8b22-f6fdcb65b966',
    'c182d594-8e76-4eb4-9c80-71c3cf43c498',
    'DD',
    17,
    0,
    '12c14551-0860-44d3-a0b0-8946c5024373'
  ),
  (
    '0f4a6ecd-3d0f-4185-9ab3-c1c67bfbcfc4',
    'c182d594-8e76-4eb4-9c80-71c3cf43c498',
    'AA',
    18,
    0,
    '12c14551-0860-44d3-a0b0-8946c5024373'
  ),
  (
    '1161965f-4c0e-4b04-b897-1a68f7c69d35',
    'c182d594-8e76-4eb4-9c80-71c3cf43c498',
    'DD',
    6,
    0,
    '12c14551-0860-44d3-a0b0-8946c5024373'
  ),
  (
    '11a2cfe9-188e-4e4c-878f-e1d6fa11db52',
    'c182d594-8e76-4eb4-9c80-71c3cf43c498',
    'C',
    16,
    0,
    '1a5d7d5c-45ff-4997-bb50-fe41b41ea607'
  ),
  (
    '11b09e06-5f48-4de3-afa5-5ca9caf33413',
    'c182d594-8e76-4eb4-9c80-71c3cf43c498',
    'CC',
    17,
    0,
    '12c14551-0860-44d3-a0b0-8946c5024373'
  ),
  (
    '11e1a979-4028-4ae1-b68a-080b8b798c8e',
    'c182d594-8e76-4eb4-9c80-71c3cf43c498',
    'F',
    11,
    0,
    '12c14551-0860-44d3-a0b0-8946c5024373'
  ),
  (
    '1227daf4-9243-4f9d-a031-2d557d064f6f',
    'c182d594-8e76-4eb4-9c80-71c3cf43c498',
    'F',
    45,
    0,
    '12c14551-0860-44d3-a0b0-8946c5024373'
  ),
  (
    '1280e229-7dbb-431e-bd21-3a7e7d08c04d',
    'c182d594-8e76-4eb4-9c80-71c3cf43c498',
    'C',
    39,
    0,
    '1a5d7d5c-45ff-4997-bb50-fe41b41ea607'
  ),
  (
    '12d0f04e-c016-402f-abea-89908c1afb46',
    'c182d594-8e76-4eb4-9c80-71c3cf43c498',
    'CC',
    4,
    0,
    '12c14551-0860-44d3-a0b0-8946c5024373'
  ),
  (
    '130bc5d4-0209-4447-b8ec-3f23693a4415',
    'c182d594-8e76-4eb4-9c80-71c3cf43c498',
    'BB',
    28,
    0,
    '12c14551-0860-44d3-a0b0-8946c5024373'
  ),
  (
    '13d4ac5b-c941-41c3-a894-4d21a5250715',
    'c182d594-8e76-4eb4-9c80-71c3cf43c498',
    'CC',
    26,
    0,
    '12c14551-0860-44d3-a0b0-8946c5024373'
  ),
  (
    '13e2e030-5608-4d95-8dcf-7ede73575949',
    'c182d594-8e76-4eb4-9c80-71c3cf43c498',
    'G',
    19,
    0,
    '12c14551-0860-44d3-a0b0-8946c5024373'
  ),
  (
    '140680f2-751e-4868-b37e-f08ea9cdf08b',
    'c182d594-8e76-4eb4-9c80-71c3cf43c498',
    'CC',
    2,
    0,
    '12c14551-0860-44d3-a0b0-8946c5024373'
  ),
  (
    '1530c02c-f21f-4b3c-b3e3-2e95365fd7af',
    'c182d594-8e76-4eb4-9c80-71c3cf43c498',
    'H',
    3,
    0,
    '12c14551-0860-44d3-a0b0-8946c5024373'
  ),
  (
    '154adf83-53b1-4a6b-b415-0ab05cf4b54a',
    'c182d594-8e76-4eb4-9c80-71c3cf43c498',
    'B',
    30,
    0,
    '1a5d7d5c-45ff-4997-bb50-fe41b41ea607'
  ),
  (
    '159b08cc-c84b-4c4b-a3f7-8401050fa0a1',
    'c182d594-8e76-4eb4-9c80-71c3cf43c498',
    'J',
    29,
    0,
    '12c14551-0860-44d3-a0b0-8946c5024373'
  ),
  (
    '16bf062f-c7f2-4def-a51c-cdcaf0d81574',
    'c182d594-8e76-4eb4-9c80-71c3cf43c498',
    'E',
    30,
    0,
    'a470bfc5-a348-44c5-8311-17002578460d'
  ),
  (
    '17972aa4-0b87-4dbf-92a4-046a1d92d9bc',
    'c182d594-8e76-4eb4-9c80-71c3cf43c498',
    'G',
    2,
    0,
    '12c14551-0860-44d3-a0b0-8946c5024373'
  ),
  (
    '183709ca-d646-47e2-9389-a8224125fcb5',
    'c182d594-8e76-4eb4-9c80-71c3cf43c498',
    'AA',
    3,
    0,
    '12c14551-0860-44d3-a0b0-8946c5024373'
  ),
  (
    '185c6cf0-f440-4aa8-8c8d-92b38876e276',
    'c182d594-8e76-4eb4-9c80-71c3cf43c498',
    'DD',
    47,
    0,
    '12c14551-0860-44d3-a0b0-8946c5024373'
  ),
  (
    '19bf616a-edd6-4603-89f2-9f41cbe7cfd3',
    'c182d594-8e76-4eb4-9c80-71c3cf43c498',
    'CC',
    22,
    0,
    '12c14551-0860-44d3-a0b0-8946c5024373'
  ),
  (
    '19f5e9f2-7d39-4df3-a76c-dbe050d13df4',
    'c182d594-8e76-4eb4-9c80-71c3cf43c498',
    'L',
    16,
    0,
    '12c14551-0860-44d3-a0b0-8946c5024373'
  ),
  (
    '1aa663d6-fe1f-4bf5-aea0-7e3e0f5529a7',
    'c182d594-8e76-4eb4-9c80-71c3cf43c498',
    'C',
    33,
    0,
    '1a5d7d5c-45ff-4997-bb50-fe41b41ea607'
  ),
  (
    '1afb3ba9-7a02-400f-9ea4-57c93436020f',
    'c182d594-8e76-4eb4-9c80-71c3cf43c498',
    'CC',
    15,
    0,
    '12c14551-0860-44d3-a0b0-8946c5024373'
  ),
  (
    '1b07d271-7663-43ae-9026-231fd490150c',
    'c182d594-8e76-4eb4-9c80-71c3cf43c498',
    'A',
    20,
    0,
    '14fee2dc-abb2-4630-be5a-324fe4e85fae'
  ),
  (
    '1b44b765-d8cc-4cb1-bb62-8f50aeb69856',
    'c182d594-8e76-4eb4-9c80-71c3cf43c498',
    'E',
    41,
    0,
    'a470bfc5-a348-44c5-8311-17002578460d'
  ),
  (
    '1b623ca3-4751-4aec-984e-3e7a183d9718',
    'c182d594-8e76-4eb4-9c80-71c3cf43c498',
    'DD',
    46,
    0,
    '12c14551-0860-44d3-a0b0-8946c5024373'
  ),
  (
    '1b7a2036-fa33-47f4-9cb0-ce8bdbeb2451',
    'c182d594-8e76-4eb4-9c80-71c3cf43c498',
    'J',
    16,
    0,
    '12c14551-0860-44d3-a0b0-8946c5024373'
  ),
  (
    '1b8fd4ea-22af-48e4-a25c-e7e65b989363',
    'c182d594-8e76-4eb4-9c80-71c3cf43c498',
    'EE',
    29,
    0,
    '12c14551-0860-44d3-a0b0-8946c5024373'
  ),
  (
    '1be1a64c-7b13-487c-bb6c-31167c7768a1',
    'c182d594-8e76-4eb4-9c80-71c3cf43c498',
    'J',
    10,
    0,
    '12c14551-0860-44d3-a0b0-8946c5024373'
  ),
  (
    '1c5d292d-9c23-4803-8fda-b25cc8ba4d8d',
    'c182d594-8e76-4eb4-9c80-71c3cf43c498',
    'B',
    5,
    0,
    '1a5d7d5c-45ff-4997-bb50-fe41b41ea607'
  ),
  (
    '1c975a7b-6bba-4f8c-b5c3-f5b3d68a2d62',
    'c182d594-8e76-4eb4-9c80-71c3cf43c498',
    'G',
    43,
    0,
    '12c14551-0860-44d3-a0b0-8946c5024373'
  ),
  (
    '1cb06dc2-e8d7-456c-8c28-f52a15e625f5',
    'c182d594-8e76-4eb4-9c80-71c3cf43c498',
    'C',
    2,
    0,
    '1a5d7d5c-45ff-4997-bb50-fe41b41ea607'
  ),
  (
    '1e0c893b-9b95-4dc8-bdb6-f79a1407499e',
    'c182d594-8e76-4eb4-9c80-71c3cf43c498',
    'BB',
    33,
    0,
    '12c14551-0860-44d3-a0b0-8946c5024373'
  ),
  (
    '1e20dcac-0408-4f76-b7de-dce804ac58e6',
    'c182d594-8e76-4eb4-9c80-71c3cf43c498',
    'AA',
    7,
    0,
    '12c14551-0860-44d3-a0b0-8946c5024373'
  ),
  (
    '1e90bd6c-0d6c-450a-8ed3-84d40af76ee8',
    'c182d594-8e76-4eb4-9c80-71c3cf43c498',
    'A',
    28,
    0,
    '14fee2dc-abb2-4630-be5a-324fe4e85fae'
  ),
  (
    '1e96df2e-63dd-4ec6-8919-5c634a9a6c8b',
    'c182d594-8e76-4eb4-9c80-71c3cf43c498',
    'C',
    45,
    0,
    '1a5d7d5c-45ff-4997-bb50-fe41b41ea607'
  ),
  (
    '1eb5e55f-cc52-425d-b8e8-4875aec9051a',
    'c182d594-8e76-4eb4-9c80-71c3cf43c498',
    'J',
    37,
    0,
    '12c14551-0860-44d3-a0b0-8946c5024373'
  ),
  (
    '1f676211-8d84-42ac-8c5c-6e32d8e4a68f',
    'c182d594-8e76-4eb4-9c80-71c3cf43c498',
    'E',
    8,
    0,
    'a470bfc5-a348-44c5-8311-17002578460d'
  ),
  (
    '20a797ac-5327-4f79-94e0-6c3f157194ac',
    'c182d594-8e76-4eb4-9c80-71c3cf43c498',
    'J',
    17,
    0,
    '12c14551-0860-44d3-a0b0-8946c5024373'
  ),
  (
    '2216a224-e7cd-48d3-8393-dbe3346df680',
    'c182d594-8e76-4eb4-9c80-71c3cf43c498',
    'K',
    19,
    0,
    '12c14551-0860-44d3-a0b0-8946c5024373'
  ),
  (
    '2220d135-cb74-4fb7-a6a5-d2859f3ed7bf',
    'c182d594-8e76-4eb4-9c80-71c3cf43c498',
    'G',
    37,
    0,
    '12c14551-0860-44d3-a0b0-8946c5024373'
  ),
  (
    '2292a979-3c5c-406a-8a2f-04f1acb650ff',
    'c182d594-8e76-4eb4-9c80-71c3cf43c498',
    'B',
    32,
    0,
    '1a5d7d5c-45ff-4997-bb50-fe41b41ea607'
  ),
  (
    '23a5b309-5a6f-45ba-aec0-1c97b3f0aad4',
    'c182d594-8e76-4eb4-9c80-71c3cf43c498',
    'K',
    22,
    0,
    '12c14551-0860-44d3-a0b0-8946c5024373'
  ),
  (
    '24dbe7da-4e65-4857-8c37-1daa0d73c474',
    'c182d594-8e76-4eb4-9c80-71c3cf43c498',
    'F',
    21,
    0,
    '12c14551-0860-44d3-a0b0-8946c5024373'
  ),
  (
    '25fabb4b-e23f-4baf-8b1e-d986d8cb57ff',
    'c182d594-8e76-4eb4-9c80-71c3cf43c498',
    'DD',
    34,
    0,
    '12c14551-0860-44d3-a0b0-8946c5024373'
  ),
  (
    '26119095-5021-4348-a42f-39b90dba47e3',
    'c182d594-8e76-4eb4-9c80-71c3cf43c498',
    'G',
    7,
    0,
    '12c14551-0860-44d3-a0b0-8946c5024373'
  ),
  (
    '2683a62a-9bad-46fc-9792-91fc7e9e75cc',
    'c182d594-8e76-4eb4-9c80-71c3cf43c498',
    'DD',
    25,
    0,
    '12c14551-0860-44d3-a0b0-8946c5024373'
  ),
  (
    '26848f37-6c23-43c4-8112-59bde75fe217',
    'c182d594-8e76-4eb4-9c80-71c3cf43c498',
    'J',
    23,
    0,
    '12c14551-0860-44d3-a0b0-8946c5024373'
  ),
  (
    '2687e578-8665-4898-b59a-f837e575c340',
    'c182d594-8e76-4eb4-9c80-71c3cf43c498',
    'B',
    36,
    0,
    '1a5d7d5c-45ff-4997-bb50-fe41b41ea607'
  ),
  (
    '2724259b-6974-4abb-9b82-3c217615e98a',
    'c182d594-8e76-4eb4-9c80-71c3cf43c498',
    'BB',
    12,
    0,
    '12c14551-0860-44d3-a0b0-8946c5024373'
  ),
  (
    '275667e9-01cc-4674-b74b-f43271e6ebd5',
    'c182d594-8e76-4eb4-9c80-71c3cf43c498',
    'B',
    37,
    0,
    '1a5d7d5c-45ff-4997-bb50-fe41b41ea607'
  ),
  (
    '27c4be52-9685-4582-ac4d-62514115ae06',
    'c182d594-8e76-4eb4-9c80-71c3cf43c498',
    'B',
    31,
    0,
    '1a5d7d5c-45ff-4997-bb50-fe41b41ea607'
  ),
  (
    '2864522b-fd47-4c23-96dd-6d67d0ee5cab',
    'c182d594-8e76-4eb4-9c80-71c3cf43c498',
    'B',
    44,
    0,
    '1a5d7d5c-45ff-4997-bb50-fe41b41ea607'
  ),
  (
    '288d934b-2925-4add-b1a6-0c411b4950b2',
    'c182d594-8e76-4eb4-9c80-71c3cf43c498',
    'D',
    26,
    0,
    '1a5d7d5c-45ff-4997-bb50-fe41b41ea607'
  ),
  (
    '28c56faa-2fab-4582-ae5f-ce8e61e6cc14',
    'c182d594-8e76-4eb4-9c80-71c3cf43c498',
    'E',
    3,
    0,
    'a470bfc5-a348-44c5-8311-17002578460d'
  ),
  (
    '28e133c0-5c6f-491d-a906-0b7665dc2b58',
    'c182d594-8e76-4eb4-9c80-71c3cf43c498',
    'C',
    8,
    0,
    '1a5d7d5c-45ff-4997-bb50-fe41b41ea607'
  ),
  (
    '296f2c98-87d8-4d20-8308-aff05a635b4e',
    'c182d594-8e76-4eb4-9c80-71c3cf43c498',
    'AA',
    29,
    0,
    '12c14551-0860-44d3-a0b0-8946c5024373'
  ),
  (
    '29e8d788-0ccc-4310-a15b-0edcc10287ed',
    'c182d594-8e76-4eb4-9c80-71c3cf43c498',
    'B',
    16,
    0,
    '1a5d7d5c-45ff-4997-bb50-fe41b41ea607'
  ),
  (
    '2a0a947c-f4b9-4fd9-a94d-8f0ce21fd699',
    'c182d594-8e76-4eb4-9c80-71c3cf43c498',
    'D',
    1,
    0,
    '1a5d7d5c-45ff-4997-bb50-fe41b41ea607'
  ),
  (
    '2aba8704-7350-4f22-bd95-35499c541052',
    'c182d594-8e76-4eb4-9c80-71c3cf43c498',
    'K',
    36,
    0,
    '12c14551-0860-44d3-a0b0-8946c5024373'
  ),
  (
    '2ad858da-94e9-46b5-846a-371d072173cb',
    'c182d594-8e76-4eb4-9c80-71c3cf43c498',
    'L',
    39,
    0,
    '12c14551-0860-44d3-a0b0-8946c5024373'
  ),
  (
    '2b4feeb0-b70e-4d9a-a80a-afc9a2d4ee86',
    'c182d594-8e76-4eb4-9c80-71c3cf43c498',
    'CC',
    41,
    0,
    '12c14551-0860-44d3-a0b0-8946c5024373'
  ),
  (
    '2ba72bc8-aaec-4e21-ba31-28a5720e38ab',
    'c182d594-8e76-4eb4-9c80-71c3cf43c498',
    'L',
    24,
    0,
    '12c14551-0860-44d3-a0b0-8946c5024373'
  ),
  (
    '2bff1b51-8e54-4c38-8af9-960c5f898298',
    'c182d594-8e76-4eb4-9c80-71c3cf43c498',
    'EE',
    6,
    0,
    '12c14551-0860-44d3-a0b0-8946c5024373'
  ),
  (
    '2c6688d1-7640-426f-b5a6-e1f2682278c1',
    'c182d594-8e76-4eb4-9c80-71c3cf43c498',
    'A',
    21,
    0,
    '14fee2dc-abb2-4630-be5a-324fe4e85fae'
  ),
  (
    '2cf13caa-f291-4f54-bf11-7e3f289f23e9',
    'c182d594-8e76-4eb4-9c80-71c3cf43c498',
    'B',
    26,
    0,
    '1a5d7d5c-45ff-4997-bb50-fe41b41ea607'
  ),
  (
    '2d91c1c6-5e57-46ca-99c2-d4793b8848b3',
    'c182d594-8e76-4eb4-9c80-71c3cf43c498',
    'BB',
    45,
    0,
    '12c14551-0860-44d3-a0b0-8946c5024373'
  ),
  (
    '2dfb844e-62dd-41b0-9899-f34ea9f74fba',
    'c182d594-8e76-4eb4-9c80-71c3cf43c498',
    'G',
    21,
    0,
    '12c14551-0860-44d3-a0b0-8946c5024373'
  ),
  (
    '2f07d7b9-ece9-43e3-8136-438985a69b53',
    'c182d594-8e76-4eb4-9c80-71c3cf43c498',
    'CC',
    19,
    0,
    '12c14551-0860-44d3-a0b0-8946c5024373'
  ),
  (
    '2f2a8d0a-dd66-43ad-8090-ff0cde8bc892',
    'c182d594-8e76-4eb4-9c80-71c3cf43c498',
    'L',
    26,
    0,
    '12c14551-0860-44d3-a0b0-8946c5024373'
  ),
  (
    '2f7be9af-10d1-4d3e-a282-c9ded75e4fca',
    'c182d594-8e76-4eb4-9c80-71c3cf43c498',
    'EE',
    7,
    0,
    '12c14551-0860-44d3-a0b0-8946c5024373'
  ),
  (
    '30a3deee-1c7f-4e15-b50b-ca4d9b7d60b3',
    'c182d594-8e76-4eb4-9c80-71c3cf43c498',
    'B',
    6,
    0,
    '1a5d7d5c-45ff-4997-bb50-fe41b41ea607'
  ),
  (
    '320230c4-7ad5-4b06-a0af-834180d08a36',
    'c182d594-8e76-4eb4-9c80-71c3cf43c498',
    'J',
    7,
    0,
    '12c14551-0860-44d3-a0b0-8946c5024373'
  ),
  (
    '320c4c2a-a2b4-4f07-8b1f-661d1ff1079e',
    'c182d594-8e76-4eb4-9c80-71c3cf43c498',
    'G',
    17,
    0,
    '12c14551-0860-44d3-a0b0-8946c5024373'
  ),
  (
    '323a3cc6-0f7a-4626-bf3e-4c15057044b1',
    'c182d594-8e76-4eb4-9c80-71c3cf43c498',
    'G',
    46,
    0,
    '12c14551-0860-44d3-a0b0-8946c5024373'
  ),
  (
    '33295300-06cc-417b-bf7d-c048b6df5955',
    'c182d594-8e76-4eb4-9c80-71c3cf43c498',
    'BB',
    42,
    0,
    '12c14551-0860-44d3-a0b0-8946c5024373'
  ),
  (
    '334aa3a7-7745-4c82-baf8-7f13219ca07a',
    'c182d594-8e76-4eb4-9c80-71c3cf43c498',
    'AA',
    11,
    0,
    '12c14551-0860-44d3-a0b0-8946c5024373'
  ),
  (
    '33b23687-f125-4471-9011-642bdc80b376',
    'c182d594-8e76-4eb4-9c80-71c3cf43c498',
    'DD',
    10,
    0,
    '12c14551-0860-44d3-a0b0-8946c5024373'
  ),
  (
    '33c5162c-3396-40b3-baa8-505ce4001eda',
    'c182d594-8e76-4eb4-9c80-71c3cf43c498',
    'L',
    20,
    0,
    '12c14551-0860-44d3-a0b0-8946c5024373'
  ),
  (
    '34614ff0-669a-451a-bd4e-f2dc2582b8f1',
    'c182d594-8e76-4eb4-9c80-71c3cf43c498',
    'AA',
    15,
    0,
    '12c14551-0860-44d3-a0b0-8946c5024373'
  ),
  (
    '34aea3fc-9ce0-4c5c-8623-b55c115a3e16',
    'c182d594-8e76-4eb4-9c80-71c3cf43c498',
    'E',
    40,
    0,
    'a470bfc5-a348-44c5-8311-17002578460d'
  ),
  (
    '357f5e4d-cba0-4cd4-9f85-2d4d1d403095',
    'c182d594-8e76-4eb4-9c80-71c3cf43c498',
    'BB',
    20,
    0,
    '12c14551-0860-44d3-a0b0-8946c5024373'
  ),
  (
    '36332fb3-0ada-478f-9668-49c6e4de2546',
    'c182d594-8e76-4eb4-9c80-71c3cf43c498',
    'K',
    26,
    0,
    '12c14551-0860-44d3-a0b0-8946c5024373'
  ),
  (
    '372dbe20-52cb-43ee-a481-50e3e011d8b8',
    'c182d594-8e76-4eb4-9c80-71c3cf43c498',
    'B',
    7,
    0,
    '1a5d7d5c-45ff-4997-bb50-fe41b41ea607'
  ),
  (
    '37e65d35-1045-459c-87f1-4f68c4b3f785',
    'c182d594-8e76-4eb4-9c80-71c3cf43c498',
    'AA',
    12,
    0,
    '12c14551-0860-44d3-a0b0-8946c5024373'
  ),
  (
    '3814f106-f38c-49fd-89a5-f591b3a79c32',
    'c182d594-8e76-4eb4-9c80-71c3cf43c498',
    'EE',
    19,
    0,
    '12c14551-0860-44d3-a0b0-8946c5024373'
  ),
  (
    '38396442-076c-4f2b-ada8-34ebc49537ec',
    'c182d594-8e76-4eb4-9c80-71c3cf43c498',
    'G',
    1,
    0,
    '12c14551-0860-44d3-a0b0-8946c5024373'
  ),
  (
    '384b6499-edd0-43d5-b1d4-8b0462ab1fb6',
    'c182d594-8e76-4eb4-9c80-71c3cf43c498',
    'C',
    9,
    0,
    '1a5d7d5c-45ff-4997-bb50-fe41b41ea607'
  ),
  (
    '38fa01bd-6f00-4818-945a-3a9683c78137',
    'c182d594-8e76-4eb4-9c80-71c3cf43c498',
    'E',
    15,
    0,
    'a470bfc5-a348-44c5-8311-17002578460d'
  ),
  (
    '3934e0c4-2e1f-4d40-a37d-fb5874a5fe67',
    'c182d594-8e76-4eb4-9c80-71c3cf43c498',
    'CC',
    10,
    0,
    '12c14551-0860-44d3-a0b0-8946c5024373'
  ),
  (
    '395e4e9d-58d7-47f6-a9de-b6197f14842e',
    'c182d594-8e76-4eb4-9c80-71c3cf43c498',
    'EE',
    8,
    0,
    '12c14551-0860-44d3-a0b0-8946c5024373'
  ),
  (
    '397fa4e8-e131-4b84-b9ff-b396a48e32e5',
    'c182d594-8e76-4eb4-9c80-71c3cf43c498',
    'H',
    23,
    0,
    '12c14551-0860-44d3-a0b0-8946c5024373'
  ),
  (
    '39c6d47c-56a9-4367-a54e-8326c34a36d8',
    'c182d594-8e76-4eb4-9c80-71c3cf43c498',
    'F',
    25,
    0,
    '12c14551-0860-44d3-a0b0-8946c5024373'
  ),
  (
    '3aa8d2e0-768a-4971-9f1d-9980f291b8aa',
    'c182d594-8e76-4eb4-9c80-71c3cf43c498',
    'F',
    29,
    0,
    '12c14551-0860-44d3-a0b0-8946c5024373'
  ),
  (
    '3b4f5a43-e149-4905-a66b-8ad54ae89077',
    'c182d594-8e76-4eb4-9c80-71c3cf43c498',
    'H',
    46,
    0,
    '12c14551-0860-44d3-a0b0-8946c5024373'
  ),
  (
    '3be3bbd6-0e2e-458d-bd84-991dead539e9',
    'c182d594-8e76-4eb4-9c80-71c3cf43c498',
    'D',
    33,
    0,
    '1a5d7d5c-45ff-4997-bb50-fe41b41ea607'
  ),
  (
    '3c1694be-e6f8-4e66-b7f4-13b31c78dd72',
    'c182d594-8e76-4eb4-9c80-71c3cf43c498',
    'CC',
    33,
    0,
    '12c14551-0860-44d3-a0b0-8946c5024373'
  ),
  (
    '3c2cc979-5b5f-43a3-9b87-c16fe0133549',
    'c182d594-8e76-4eb4-9c80-71c3cf43c498',
    'D',
    11,
    0,
    '1a5d7d5c-45ff-4997-bb50-fe41b41ea607'
  ),
  (
    '3c506870-5884-47c3-81e6-3683c2234c5f',
    'c182d594-8e76-4eb4-9c80-71c3cf43c498',
    'K',
    4,
    0,
    '12c14551-0860-44d3-a0b0-8946c5024373'
  ),
  (
    '3c5a2b3c-8de4-40c4-af8b-4a2b5cf9177f',
    'c182d594-8e76-4eb4-9c80-71c3cf43c498',
    'K',
    17,
    0,
    '12c14551-0860-44d3-a0b0-8946c5024373'
  ),
  (
    '3dc7a0ed-5248-495b-9371-411a5a44d70f',
    'c182d594-8e76-4eb4-9c80-71c3cf43c498',
    'EE',
    21,
    0,
    '12c14551-0860-44d3-a0b0-8946c5024373'
  ),
  (
    '3f361fd8-678a-4f64-b547-a80ee95e46cb',
    'c182d594-8e76-4eb4-9c80-71c3cf43c498',
    'EE',
    16,
    0,
    '12c14551-0860-44d3-a0b0-8946c5024373'
  ),
  (
    '3f48de1a-c00f-4107-aa87-4fb75bd8aeba',
    'c182d594-8e76-4eb4-9c80-71c3cf43c498',
    'E',
    23,
    0,
    'a470bfc5-a348-44c5-8311-17002578460d'
  ),
  (
    '3f4c830a-b847-4627-bcf5-d9c12869fab3',
    'c182d594-8e76-4eb4-9c80-71c3cf43c498',
    'H',
    44,
    0,
    '12c14551-0860-44d3-a0b0-8946c5024373'
  ),
  (
    '3f745b7a-ce30-4b75-94ea-46d596a18bad',
    'c182d594-8e76-4eb4-9c80-71c3cf43c498',
    'D',
    46,
    0,
    '1a5d7d5c-45ff-4997-bb50-fe41b41ea607'
  ),
  (
    '4038194f-9bc2-4baf-a992-8f7f2bd52b6d',
    'c182d594-8e76-4eb4-9c80-71c3cf43c498',
    'E',
    21,
    0,
    'a470bfc5-a348-44c5-8311-17002578460d'
  ),
  (
    '403e62c3-97e1-451f-a049-154e819222fd',
    'c182d594-8e76-4eb4-9c80-71c3cf43c498',
    'B',
    8,
    0,
    '1a5d7d5c-45ff-4997-bb50-fe41b41ea607'
  ),
  (
    '40c19f42-55be-4bfe-bbb2-e8e11ddbcdf2',
    'c182d594-8e76-4eb4-9c80-71c3cf43c498',
    'H',
    10,
    0,
    '12c14551-0860-44d3-a0b0-8946c5024373'
  ),
  (
    '40eea4b6-1f48-43a2-98ee-3fb566ed7fd7',
    'c182d594-8e76-4eb4-9c80-71c3cf43c498',
    'C',
    41,
    0,
    '1a5d7d5c-45ff-4997-bb50-fe41b41ea607'
  ),
  (
    '42cc8595-9c8e-435c-80b8-d430436ca7da',
    'c182d594-8e76-4eb4-9c80-71c3cf43c498',
    'EE',
    15,
    0,
    '12c14551-0860-44d3-a0b0-8946c5024373'
  ),
  (
    '4365d58f-2154-4b49-8b94-f4d99b6ccc3b',
    'c182d594-8e76-4eb4-9c80-71c3cf43c498',
    'E',
    45,
    0,
    'a470bfc5-a348-44c5-8311-17002578460d'
  ),
  (
    '4461f938-3e2d-4c61-bdb1-2a79e5590cd7',
    'c182d594-8e76-4eb4-9c80-71c3cf43c498',
    'DD',
    28,
    0,
    '12c14551-0860-44d3-a0b0-8946c5024373'
  ),
  (
    '44a228eb-7d02-4b6b-bc11-2e9dbcef1642',
    'c182d594-8e76-4eb4-9c80-71c3cf43c498',
    'C',
    43,
    0,
    '1a5d7d5c-45ff-4997-bb50-fe41b41ea607'
  ),
  (
    '44d138cb-2783-49c4-9df3-a4dfb30c5bc2',
    'c182d594-8e76-4eb4-9c80-71c3cf43c498',
    'H',
    21,
    0,
    '12c14551-0860-44d3-a0b0-8946c5024373'
  ),
  (
    '44e0e81b-8140-46e2-9059-65418e8b0025',
    'c182d594-8e76-4eb4-9c80-71c3cf43c498',
    'A',
    4,
    0,
    '14fee2dc-abb2-4630-be5a-324fe4e85fae'
  ),
  (
    '457a59d2-01e9-4d8f-a7ac-ccccd7901461',
    'c182d594-8e76-4eb4-9c80-71c3cf43c498',
    'D',
    37,
    0,
    '1a5d7d5c-45ff-4997-bb50-fe41b41ea607'
  ),
  (
    '45c0b32a-2526-437a-af40-907deca3e6c7',
    'c182d594-8e76-4eb4-9c80-71c3cf43c498',
    'L',
    37,
    0,
    '12c14551-0860-44d3-a0b0-8946c5024373'
  ),
  (
    '4601bd34-c5dc-4d82-867b-134684827b41',
    'c182d594-8e76-4eb4-9c80-71c3cf43c498',
    'E',
    18,
    0,
    'a470bfc5-a348-44c5-8311-17002578460d'
  ),
  (
    '47386cd8-9863-4a29-a10c-39adeb2d5cc6',
    'c182d594-8e76-4eb4-9c80-71c3cf43c498',
    'F',
    4,
    0,
    'a470bfc5-a348-44c5-8311-17002578460d'
  ),
  (
    '47582eb8-7b25-4980-9a07-f5e21d2ec159',
    'c182d594-8e76-4eb4-9c80-71c3cf43c498',
    'EE',
    25,
    0,
    '12c14551-0860-44d3-a0b0-8946c5024373'
  ),
  (
    '47a17e2d-f8a7-404d-887d-5b7024d0ca6c',
    'c182d594-8e76-4eb4-9c80-71c3cf43c498',
    'D',
    21,
    0,
    '1a5d7d5c-45ff-4997-bb50-fe41b41ea607'
  ),
  (
    '47c46c7d-d7e3-497c-b170-59adff779aa4',
    'c182d594-8e76-4eb4-9c80-71c3cf43c498',
    'F',
    38,
    0,
    '12c14551-0860-44d3-a0b0-8946c5024373'
  ),
  (
    '48313111-8b0c-4d60-8fa9-f26d2bfdcc5f',
    'c182d594-8e76-4eb4-9c80-71c3cf43c498',
    'AA',
    34,
    0,
    '12c14551-0860-44d3-a0b0-8946c5024373'
  ),
  (
    '48f10ac8-8464-4401-a8cd-b375ec55c8ff',
    'c182d594-8e76-4eb4-9c80-71c3cf43c498',
    'G',
    22,
    0,
    '12c14551-0860-44d3-a0b0-8946c5024373'
  ),
  (
    '492a260f-f79f-4a6a-be68-791c9e96d657',
    'c182d594-8e76-4eb4-9c80-71c3cf43c498',
    'AA',
    26,
    0,
    '12c14551-0860-44d3-a0b0-8946c5024373'
  ),
  (
    '49a66232-f405-4584-a568-faa5f73d7025',
    'c182d594-8e76-4eb4-9c80-71c3cf43c498',
    'A',
    30,
    0,
    '14fee2dc-abb2-4630-be5a-324fe4e85fae'
  ),
  (
    '4a7a8c42-f9d5-419e-9c94-ac42afe72b98',
    'c182d594-8e76-4eb4-9c80-71c3cf43c498',
    'F',
    28,
    0,
    '12c14551-0860-44d3-a0b0-8946c5024373'
  ),
  (
    '4aa0892f-e3dc-4e23-b165-54e95a7f1833',
    'c182d594-8e76-4eb4-9c80-71c3cf43c498',
    'A',
    41,
    0,
    '14fee2dc-abb2-4630-be5a-324fe4e85fae'
  ),
  (
    '4abc4ee9-38e8-45df-b8c1-b5319cdec5e1',
    'c182d594-8e76-4eb4-9c80-71c3cf43c498',
    'H',
    11,
    0,
    '12c14551-0860-44d3-a0b0-8946c5024373'
  ),
  (
    '4c74b722-1464-4ac1-9d07-3dd92796304f',
    'c182d594-8e76-4eb4-9c80-71c3cf43c498',
    'G',
    41,
    0,
    '12c14551-0860-44d3-a0b0-8946c5024373'
  ),
  (
    '4cd31107-d365-4ecb-8863-8e10e21249d2',
    'c182d594-8e76-4eb4-9c80-71c3cf43c498',
    'CC',
    24,
    0,
    '12c14551-0860-44d3-a0b0-8946c5024373'
  ),
  (
    '4cfcc024-de8e-452e-8863-88f5f8c06ca1',
    'c182d594-8e76-4eb4-9c80-71c3cf43c498',
    'CC',
    21,
    0,
    '12c14551-0860-44d3-a0b0-8946c5024373'
  ),
  (
    '4d64765b-84b3-4c5f-970c-e452e32adffd',
    'c182d594-8e76-4eb4-9c80-71c3cf43c498',
    'CC',
    3,
    0,
    '12c14551-0860-44d3-a0b0-8946c5024373'
  ),
  (
    '4decd59f-8652-4ac5-bb85-c20244ad1559',
    'c182d594-8e76-4eb4-9c80-71c3cf43c498',
    'EE',
    26,
    0,
    '12c14551-0860-44d3-a0b0-8946c5024373'
  ),
  (
    '4e226ac2-5a35-48c9-8127-67b576574992',
    'c182d594-8e76-4eb4-9c80-71c3cf43c498',
    'K',
    28,
    0,
    '12c14551-0860-44d3-a0b0-8946c5024373'
  ),
  (
    '4e99e4a5-0e3e-4d3f-9009-197c1930c2ab',
    'c182d594-8e76-4eb4-9c80-71c3cf43c498',
    'CC',
    28,
    0,
    '12c14551-0860-44d3-a0b0-8946c5024373'
  ),
  (
    '4f446ab6-4528-4bfc-82dd-3939e5c15a15',
    'c182d594-8e76-4eb4-9c80-71c3cf43c498',
    'BB',
    43,
    0,
    '12c14551-0860-44d3-a0b0-8946c5024373'
  ),
  (
    '4fd13ecb-58e9-419e-8984-2b899096a6af',
    'c182d594-8e76-4eb4-9c80-71c3cf43c498',
    'B',
    1,
    0,
    '1a5d7d5c-45ff-4997-bb50-fe41b41ea607'
  ),
  (
    '4fe927cd-4ef9-403c-98e5-8617f6fa0bad',
    'c182d594-8e76-4eb4-9c80-71c3cf43c498',
    'A',
    18,
    0,
    '14fee2dc-abb2-4630-be5a-324fe4e85fae'
  ),
  (
    '507c0c1c-977b-46cd-a46b-9c74b02e352a',
    'c182d594-8e76-4eb4-9c80-71c3cf43c498',
    'D',
    2,
    0,
    '1a5d7d5c-45ff-4997-bb50-fe41b41ea607'
  ),
  (
    '516c2ae8-8474-481c-95bd-1358b9fefd36',
    'c182d594-8e76-4eb4-9c80-71c3cf43c498',
    'B',
    27,
    0,
    '1a5d7d5c-45ff-4997-bb50-fe41b41ea607'
  ),
  (
    '518c6f21-3ce8-4864-bf54-d2093f379511',
    'c182d594-8e76-4eb4-9c80-71c3cf43c498',
    'L',
    22,
    0,
    '12c14551-0860-44d3-a0b0-8946c5024373'
  ),
  (
    '52cef3c5-bd3d-4ccc-8b61-5d756413cc75',
    'c182d594-8e76-4eb4-9c80-71c3cf43c498',
    'L',
    1,
    0,
    '12c14551-0860-44d3-a0b0-8946c5024373'
  ),
  (
    '52d0d24b-651f-45db-843f-2964e1a52f79',
    'c182d594-8e76-4eb4-9c80-71c3cf43c498',
    'AA',
    27,
    0,
    '12c14551-0860-44d3-a0b0-8946c5024373'
  ),
  (
    '534e6ba4-f006-4d9a-8029-e309c6990b26',
    'c182d594-8e76-4eb4-9c80-71c3cf43c498',
    'DD',
    37,
    0,
    '12c14551-0860-44d3-a0b0-8946c5024373'
  ),
  (
    '53543ae9-d9b7-40e4-878e-b0c42899458c',
    'c182d594-8e76-4eb4-9c80-71c3cf43c498',
    'BB',
    13,
    0,
    '12c14551-0860-44d3-a0b0-8946c5024373'
  ),
  (
    '538cd4e7-d5e7-4315-95f0-2596f9c258a9',
    'c182d594-8e76-4eb4-9c80-71c3cf43c498',
    'K',
    27,
    0,
    '12c14551-0860-44d3-a0b0-8946c5024373'
  ),
  (
    '53b33dfb-b89f-4310-af0a-7908835a4fb1',
    'c182d594-8e76-4eb4-9c80-71c3cf43c498',
    'C',
    15,
    0,
    '1a5d7d5c-45ff-4997-bb50-fe41b41ea607'
  ),
  (
    '53eb1dd1-0869-4ae8-8b6a-e4ed1154fcac',
    'c182d594-8e76-4eb4-9c80-71c3cf43c498',
    'A',
    32,
    0,
    '14fee2dc-abb2-4630-be5a-324fe4e85fae'
  ),
  (
    '5433f19f-c27f-4383-b2b4-9840cca7c897',
    'c182d594-8e76-4eb4-9c80-71c3cf43c498',
    'EE',
    22,
    0,
    '12c14551-0860-44d3-a0b0-8946c5024373'
  ),
  (
    '54455ac6-9067-424d-ba8e-a4847a2105b1',
    'c182d594-8e76-4eb4-9c80-71c3cf43c498',
    'D',
    41,
    0,
    '1a5d7d5c-45ff-4997-bb50-fe41b41ea607'
  ),
  (
    '54522a51-9a11-4ed9-b235-746f7d5b977d',
    'c182d594-8e76-4eb4-9c80-71c3cf43c498',
    'BB',
    24,
    0,
    '12c14551-0860-44d3-a0b0-8946c5024373'
  ),
  (
    '54831075-2d19-46a9-b416-d8302a518ac1',
    'c182d594-8e76-4eb4-9c80-71c3cf43c498',
    'D',
    44,
    0,
    '1a5d7d5c-45ff-4997-bb50-fe41b41ea607'
  ),
  (
    '54bc6095-35cc-4832-aff8-9b7b40b98e70',
    'c182d594-8e76-4eb4-9c80-71c3cf43c498',
    'DD',
    44,
    0,
    '12c14551-0860-44d3-a0b0-8946c5024373'
  ),
  (
    '55d02d6a-3500-44b2-b0e5-555136e94d79',
    'c182d594-8e76-4eb4-9c80-71c3cf43c498',
    'L',
    36,
    0,
    '12c14551-0860-44d3-a0b0-8946c5024373'
  ),
  (
    '5686a5ef-6e4f-40bf-ad77-354502ec7ad5',
    'c182d594-8e76-4eb4-9c80-71c3cf43c498',
    'AA',
    32,
    0,
    '12c14551-0860-44d3-a0b0-8946c5024373'
  ),
  (
    '56b44754-90b7-47ed-8a3e-454370c58a27',
    'c182d594-8e76-4eb4-9c80-71c3cf43c498',
    'C',
    20,
    0,
    '1a5d7d5c-45ff-4997-bb50-fe41b41ea607'
  ),
  (
    '5713f976-8cd2-428a-a0e0-32d246c4e5b6',
    'c182d594-8e76-4eb4-9c80-71c3cf43c498',
    'F',
    20,
    0,
    '12c14551-0860-44d3-a0b0-8946c5024373'
  ),
  (
    '57675cec-32c7-4d7e-89b7-e19059d060d1',
    'c182d594-8e76-4eb4-9c80-71c3cf43c498',
    'DD',
    13,
    0,
    '12c14551-0860-44d3-a0b0-8946c5024373'
  ),
  (
    '58410bd5-b295-4ec4-be4c-f22392af3f97',
    'c182d594-8e76-4eb4-9c80-71c3cf43c498',
    'BB',
    32,
    0,
    '12c14551-0860-44d3-a0b0-8946c5024373'
  ),
  (
    '58a1b5dd-390c-43ff-84f7-6a60407b6dd3',
    'c182d594-8e76-4eb4-9c80-71c3cf43c498',
    'F',
    22,
    0,
    '12c14551-0860-44d3-a0b0-8946c5024373'
  ),
  (
    '58ad3a6f-f691-456a-a505-a1260fc9d352',
    'c182d594-8e76-4eb4-9c80-71c3cf43c498',
    'B',
    22,
    0,
    '1a5d7d5c-45ff-4997-bb50-fe41b41ea607'
  ),
  (
    '5907274e-b722-40bb-8227-dcdb66e392d7',
    'c182d594-8e76-4eb4-9c80-71c3cf43c498',
    'J',
    36,
    0,
    '12c14551-0860-44d3-a0b0-8946c5024373'
  ),
  (
    '59615b5b-f083-4775-9ccb-72e853bd38b0',
    'c182d594-8e76-4eb4-9c80-71c3cf43c498',
    'H',
    31,
    0,
    '12c14551-0860-44d3-a0b0-8946c5024373'
  ),
  (
    '598fec2f-6c33-4b16-86ba-a9817ef80f5b',
    'c182d594-8e76-4eb4-9c80-71c3cf43c498',
    'AA',
    1,
    0,
    '12c14551-0860-44d3-a0b0-8946c5024373'
  ),
  (
    '5991ce83-3a22-4cb6-80d1-b9e22ff0807f',
    'c182d594-8e76-4eb4-9c80-71c3cf43c498',
    'K',
    2,
    0,
    '12c14551-0860-44d3-a0b0-8946c5024373'
  ),
  (
    '59ac7dff-1fe3-4ba1-8d5b-0fbda5cb6b85',
    'c182d594-8e76-4eb4-9c80-71c3cf43c498',
    'BB',
    1,
    0,
    '12c14551-0860-44d3-a0b0-8946c5024373'
  ),
  (
    '5b260602-b16b-4e4d-b3f1-dca25b21c8c0',
    'c182d594-8e76-4eb4-9c80-71c3cf43c498',
    'H',
    15,
    0,
    '12c14551-0860-44d3-a0b0-8946c5024373'
  ),
  (
    '5b35a2b4-e07a-463d-96d7-34e127886341',
    'c182d594-8e76-4eb4-9c80-71c3cf43c498',
    'K',
    29,
    0,
    '12c14551-0860-44d3-a0b0-8946c5024373'
  ),
  (
    '5b8c2208-3d3b-44d3-a63f-39916f4c3509',
    'c182d594-8e76-4eb4-9c80-71c3cf43c498',
    'E',
    25,
    0,
    'a470bfc5-a348-44c5-8311-17002578460d'
  ),
  (
    '5bdebaeb-ced0-40db-a122-42bf3f1bc08c',
    'c182d594-8e76-4eb4-9c80-71c3cf43c498',
    'AA',
    44,
    0,
    '12c14551-0860-44d3-a0b0-8946c5024373'
  ),
  (
    '5c223b39-6c90-4542-b990-a877530abc99',
    'c182d594-8e76-4eb4-9c80-71c3cf43c498',
    'F',
    47,
    0,
    '12c14551-0860-44d3-a0b0-8946c5024373'
  ),
  (
    '5c33cf99-02a9-40c4-8abf-0c45c57b1e60',
    'c182d594-8e76-4eb4-9c80-71c3cf43c498',
    'D',
    17,
    0,
    '1a5d7d5c-45ff-4997-bb50-fe41b41ea607'
  ),
  (
    '5d933dc8-e59d-44bc-8dad-207799566d3e',
    'c182d594-8e76-4eb4-9c80-71c3cf43c498',
    'D',
    25,
    0,
    '1a5d7d5c-45ff-4997-bb50-fe41b41ea607'
  ),
  (
    '5de9053b-d05e-4a80-849a-87ad71f86f35',
    'c182d594-8e76-4eb4-9c80-71c3cf43c498',
    'A',
    19,
    0,
    '14fee2dc-abb2-4630-be5a-324fe4e85fae'
  ),
  (
    '5e12971a-8af6-4060-9795-d9e8e43e49b5',
    'c182d594-8e76-4eb4-9c80-71c3cf43c498',
    'A',
    33,
    0,
    '14fee2dc-abb2-4630-be5a-324fe4e85fae'
  ),
  (
    '5e2a3613-9a1b-4e5a-a1e6-b28e4fd5f8cd',
    'c182d594-8e76-4eb4-9c80-71c3cf43c498',
    'B',
    43,
    0,
    '1a5d7d5c-45ff-4997-bb50-fe41b41ea607'
  ),
  (
    '5ec78548-b3ee-4f14-b414-3ece47db882d',
    'c182d594-8e76-4eb4-9c80-71c3cf43c498',
    'H',
    41,
    0,
    '12c14551-0860-44d3-a0b0-8946c5024373'
  ),
  (
    '5f687fac-d9bd-432d-b3bb-92de5324dc33',
    'c182d594-8e76-4eb4-9c80-71c3cf43c498',
    'EE',
    20,
    0,
    '12c14551-0860-44d3-a0b0-8946c5024373'
  ),
  (
    '6050babd-c609-4693-a195-e824ca9d822e',
    'c182d594-8e76-4eb4-9c80-71c3cf43c498',
    'CC',
    38,
    0,
    '12c14551-0860-44d3-a0b0-8946c5024373'
  ),
  (
    '60eb6492-0a2c-4311-8a3d-34f726b656e9',
    'c182d594-8e76-4eb4-9c80-71c3cf43c498',
    'EE',
    34,
    0,
    '12c14551-0860-44d3-a0b0-8946c5024373'
  ),
  (
    '610bc977-6479-48af-802b-31156fcaa711',
    'c182d594-8e76-4eb4-9c80-71c3cf43c498',
    'D',
    24,
    0,
    '1a5d7d5c-45ff-4997-bb50-fe41b41ea607'
  ),
  (
    '6114a600-1b08-4e4f-aa31-59ab5199f886',
    'c182d594-8e76-4eb4-9c80-71c3cf43c498',
    'C',
    37,
    0,
    '1a5d7d5c-45ff-4997-bb50-fe41b41ea607'
  ),
  (
    '618a29df-a88e-43f4-92d6-67157f897605',
    'c182d594-8e76-4eb4-9c80-71c3cf43c498',
    'F',
    42,
    0,
    '12c14551-0860-44d3-a0b0-8946c5024373'
  ),
  (
    '61a2840e-cab0-4bf8-91dc-ea4560a10f54',
    'c182d594-8e76-4eb4-9c80-71c3cf43c498',
    'DD',
    30,
    0,
    '12c14551-0860-44d3-a0b0-8946c5024373'
  ),
  (
    '61f9a8fd-0a5b-4936-a64b-aad26508ba00',
    'c182d594-8e76-4eb4-9c80-71c3cf43c498',
    'AA',
    19,
    0,
    '12c14551-0860-44d3-a0b0-8946c5024373'
  ),
  (
    '6304f0c3-576e-47d7-9b41-067f2ffd4395',
    'c182d594-8e76-4eb4-9c80-71c3cf43c498',
    'CC',
    20,
    0,
    '12c14551-0860-44d3-a0b0-8946c5024373'
  ),
  (
    '630ce040-725c-4d5d-ab3f-55e200983933',
    'c182d594-8e76-4eb4-9c80-71c3cf43c498',
    'CC',
    13,
    0,
    '12c14551-0860-44d3-a0b0-8946c5024373'
  ),
  (
    '63a0cc1e-b950-4de6-bae4-12b1f51fe9ef',
    'c182d594-8e76-4eb4-9c80-71c3cf43c498',
    'L',
    2,
    0,
    '12c14551-0860-44d3-a0b0-8946c5024373'
  ),
  (
    '63de7377-8762-4c74-8240-5a7946b43521',
    'c182d594-8e76-4eb4-9c80-71c3cf43c498',
    'A',
    38,
    0,
    '14fee2dc-abb2-4630-be5a-324fe4e85fae'
  ),
  (
    '63fffe13-f740-49fd-9b60-ea29a4d1b36b',
    'c182d594-8e76-4eb4-9c80-71c3cf43c498',
    'J',
    8,
    0,
    '12c14551-0860-44d3-a0b0-8946c5024373'
  ),
  (
    '642c5477-5dba-4a07-b10f-36320b7c737f',
    'c182d594-8e76-4eb4-9c80-71c3cf43c498',
    'EE',
    4,
    0,
    '12c14551-0860-44d3-a0b0-8946c5024373'
  ),
  (
    '644e2b0d-7690-4899-9534-443911fa9a48',
    'c182d594-8e76-4eb4-9c80-71c3cf43c498',
    'B',
    33,
    0,
    '1a5d7d5c-45ff-4997-bb50-fe41b41ea607'
  ),
  (
    '64bcd2c6-c681-45d8-a9f8-84f4ef8f95e2',
    'c182d594-8e76-4eb4-9c80-71c3cf43c498',
    'G',
    15,
    0,
    '12c14551-0860-44d3-a0b0-8946c5024373'
  ),
  (
    '655a4d21-54b9-48d2-a785-2818d2625956',
    'c182d594-8e76-4eb4-9c80-71c3cf43c498',
    'H',
    7,
    0,
    '12c14551-0860-44d3-a0b0-8946c5024373'
  ),
  (
    '666907c7-e718-4556-a8be-d6dcb7dd7b4e',
    'c182d594-8e76-4eb4-9c80-71c3cf43c498',
    'B',
    41,
    0,
    '1a5d7d5c-45ff-4997-bb50-fe41b41ea607'
  ),
  (
    '666dfe27-4a79-49ad-b7ff-c7552622e4fa',
    'c182d594-8e76-4eb4-9c80-71c3cf43c498',
    'D',
    18,
    0,
    '1a5d7d5c-45ff-4997-bb50-fe41b41ea607'
  ),
  (
    '670d159a-77c4-4d8d-b2f0-175d4be24e53',
    'c182d594-8e76-4eb4-9c80-71c3cf43c498',
    'B',
    34,
    0,
    '1a5d7d5c-45ff-4997-bb50-fe41b41ea607'
  ),
  (
    '67559ed9-a40c-4820-8272-b652826adc61',
    'c182d594-8e76-4eb4-9c80-71c3cf43c498',
    'D',
    16,
    0,
    '1a5d7d5c-45ff-4997-bb50-fe41b41ea607'
  ),
  (
    '67797172-0910-4b2e-a6cf-a09de5802329',
    'c182d594-8e76-4eb4-9c80-71c3cf43c498',
    'BB',
    37,
    0,
    '12c14551-0860-44d3-a0b0-8946c5024373'
  ),
  (
    '67cc577a-fc70-4cba-b3e3-741cbf36d196',
    'c182d594-8e76-4eb4-9c80-71c3cf43c498',
    'J',
    26,
    0,
    '12c14551-0860-44d3-a0b0-8946c5024373'
  ),
  (
    '6893f89e-df3e-4542-97f6-18e2fb3725fb',
    'c182d594-8e76-4eb4-9c80-71c3cf43c498',
    'A',
    17,
    0,
    '14fee2dc-abb2-4630-be5a-324fe4e85fae'
  ),
  (
    '692b3142-f6f2-4f77-9c05-028ba4a42e9d',
    'c182d594-8e76-4eb4-9c80-71c3cf43c498',
    'F',
    24,
    0,
    '12c14551-0860-44d3-a0b0-8946c5024373'
  ),
  (
    '698aadbe-8f2f-440f-887f-779eae0c166d',
    'c182d594-8e76-4eb4-9c80-71c3cf43c498',
    'C',
    46,
    0,
    '1a5d7d5c-45ff-4997-bb50-fe41b41ea607'
  ),
  (
    '69a3b941-5a7b-4ab0-845c-00a8adddd08f',
    'c182d594-8e76-4eb4-9c80-71c3cf43c498',
    'H',
    2,
    0,
    '12c14551-0860-44d3-a0b0-8946c5024373'
  ),
  (
    '69f351c7-2243-4fc6-a53e-be906ffd74a3',
    'c182d594-8e76-4eb4-9c80-71c3cf43c498',
    'AA',
    20,
    0,
    '12c14551-0860-44d3-a0b0-8946c5024373'
  ),
  (
    '69f9f2d2-f542-4bb0-91a0-fadd0d6e3fe9',
    'c182d594-8e76-4eb4-9c80-71c3cf43c498',
    'AA',
    6,
    0,
    '12c14551-0860-44d3-a0b0-8946c5024373'
  ),
  (
    '6a3bcc21-de66-4fdd-ad74-68d723f28d50',
    'c182d594-8e76-4eb4-9c80-71c3cf43c498',
    'K',
    37,
    0,
    '12c14551-0860-44d3-a0b0-8946c5024373'
  ),
  (
    '6a864b7f-a31a-488b-ad64-7f79b8a20c79',
    'c182d594-8e76-4eb4-9c80-71c3cf43c498',
    'F',
    16,
    0,
    '12c14551-0860-44d3-a0b0-8946c5024373'
  ),
  (
    '6ac73400-c2e1-4b26-bcf1-bc4196941369',
    'c182d594-8e76-4eb4-9c80-71c3cf43c498',
    'H',
    39,
    0,
    '12c14551-0860-44d3-a0b0-8946c5024373'
  ),
  (
    '6af090b9-c5f7-4bda-a7e6-ba7812eb60c4',
    'c182d594-8e76-4eb4-9c80-71c3cf43c498',
    'A',
    3,
    0,
    '14fee2dc-abb2-4630-be5a-324fe4e85fae'
  ),
  (
    '6af76414-ee0b-42fe-a655-74fc22193c4b',
    'c182d594-8e76-4eb4-9c80-71c3cf43c498',
    'G',
    36,
    0,
    '12c14551-0860-44d3-a0b0-8946c5024373'
  ),
  (
    '6b29241e-6d5b-4aca-b7b8-c17d0c6d35bc',
    'c182d594-8e76-4eb4-9c80-71c3cf43c498',
    'B',
    25,
    0,
    '1a5d7d5c-45ff-4997-bb50-fe41b41ea607'
  ),
  (
    '6b3b8423-e4c5-4ba8-9bbc-4729bf312f2b',
    'c182d594-8e76-4eb4-9c80-71c3cf43c498',
    'A',
    16,
    0,
    '14fee2dc-abb2-4630-be5a-324fe4e85fae'
  ),
  (
    '6b4eaf12-c107-4b58-961c-096ed1974986',
    'c182d594-8e76-4eb4-9c80-71c3cf43c498',
    'CC',
    46,
    0,
    '12c14551-0860-44d3-a0b0-8946c5024373'
  ),
  (
    '6b511075-1375-411c-b0aa-b8fdd37babc6',
    'c182d594-8e76-4eb4-9c80-71c3cf43c498',
    'C',
    27,
    0,
    '1a5d7d5c-45ff-4997-bb50-fe41b41ea607'
  ),
  (
    '6bdef1b1-4582-4b0b-a962-6d3ec0e6e12e',
    'c182d594-8e76-4eb4-9c80-71c3cf43c498',
    'D',
    30,
    0,
    '1a5d7d5c-45ff-4997-bb50-fe41b41ea607'
  ),
  (
    '6c3bb10d-b69f-4610-b6f9-049e51dcc6db',
    'c182d594-8e76-4eb4-9c80-71c3cf43c498',
    'J',
    45,
    0,
    '12c14551-0860-44d3-a0b0-8946c5024373'
  ),
  (
    '6cebe6db-8447-436b-ba75-fc0a9e6d9505',
    'c182d594-8e76-4eb4-9c80-71c3cf43c498',
    'E',
    27,
    0,
    'a470bfc5-a348-44c5-8311-17002578460d'
  ),
  (
    '6d8af86a-1743-4f84-a495-e866f0ab1be3',
    'c182d594-8e76-4eb4-9c80-71c3cf43c498',
    'DD',
    5,
    0,
    '12c14551-0860-44d3-a0b0-8946c5024373'
  ),
  (
    '6d8eeccb-0195-48ca-805f-28d14fff9380',
    'c182d594-8e76-4eb4-9c80-71c3cf43c498',
    'F',
    44,
    0,
    '12c14551-0860-44d3-a0b0-8946c5024373'
  ),
  (
    '6da1a424-b1d8-49e4-86dd-430decd49247',
    'c182d594-8e76-4eb4-9c80-71c3cf43c498',
    'BB',
    8,
    0,
    '12c14551-0860-44d3-a0b0-8946c5024373'
  ),
  (
    '6de5420c-cbef-4c5d-8a07-7d79f6c845ef',
    'c182d594-8e76-4eb4-9c80-71c3cf43c498',
    'CC',
    8,
    0,
    '12c14551-0860-44d3-a0b0-8946c5024373'
  ),
  (
    '6e187a59-8f9d-471c-9266-c97417a44154',
    'c182d594-8e76-4eb4-9c80-71c3cf43c498',
    'F',
    17,
    0,
    '12c14551-0860-44d3-a0b0-8946c5024373'
  ),
  (
    '6e70b72f-3b46-4f77-a203-22a932201c95',
    'c182d594-8e76-4eb4-9c80-71c3cf43c498',
    'D',
    31,
    0,
    '1a5d7d5c-45ff-4997-bb50-fe41b41ea607'
  ),
  (
    '6e724172-b1a6-4d32-9cd6-37eaaf80a0e2',
    'c182d594-8e76-4eb4-9c80-71c3cf43c498',
    'AA',
    21,
    0,
    '12c14551-0860-44d3-a0b0-8946c5024373'
  ),
  (
    '6ee4a8af-847e-42f1-961d-12e742fe5d98',
    'c182d594-8e76-4eb4-9c80-71c3cf43c498',
    'CC',
    30,
    0,
    '12c14551-0860-44d3-a0b0-8946c5024373'
  ),
  (
    '6f066303-2a70-499c-9eea-6c5dacd6302d',
    'c182d594-8e76-4eb4-9c80-71c3cf43c498',
    'J',
    3,
    0,
    '12c14551-0860-44d3-a0b0-8946c5024373'
  ),
  (
    '6fd4a313-3fda-4992-bb97-a52c3618ce9a',
    'c182d594-8e76-4eb4-9c80-71c3cf43c498',
    'A',
    29,
    0,
    '14fee2dc-abb2-4630-be5a-324fe4e85fae'
  ),
  (
    '70a41ddc-b962-44ac-8af9-492e7853f599',
    'c182d594-8e76-4eb4-9c80-71c3cf43c498',
    'AA',
    17,
    0,
    '12c14551-0860-44d3-a0b0-8946c5024373'
  ),
  (
    '70c28e06-1d4c-4a84-8ddd-36a58ef0f7c2',
    'c182d594-8e76-4eb4-9c80-71c3cf43c498',
    'CC',
    44,
    0,
    '12c14551-0860-44d3-a0b0-8946c5024373'
  ),
  (
    '70f0abf8-1b50-42c2-96ba-cd8e6ebc2f98',
    'c182d594-8e76-4eb4-9c80-71c3cf43c498',
    'EE',
    28,
    0,
    '12c14551-0860-44d3-a0b0-8946c5024373'
  ),
  (
    '712ac359-2efc-4ad6-82da-e8bd3003e4c1',
    'c182d594-8e76-4eb4-9c80-71c3cf43c498',
    'AA',
    25,
    0,
    '12c14551-0860-44d3-a0b0-8946c5024373'
  ),
  (
    '71622322-e596-4558-bf6c-b1b93f5a4760',
    'c182d594-8e76-4eb4-9c80-71c3cf43c498',
    'DD',
    48,
    0,
    '12c14551-0860-44d3-a0b0-8946c5024373'
  ),
  (
    '7163c1d9-a6d6-455c-8d39-1b4a58a47985',
    'c182d594-8e76-4eb4-9c80-71c3cf43c498',
    'CC',
    47,
    0,
    '12c14551-0860-44d3-a0b0-8946c5024373'
  ),
  (
    '720d00ef-a7c9-4db4-aebc-b0d5630fd9cd',
    'c182d594-8e76-4eb4-9c80-71c3cf43c498',
    'AA',
    24,
    0,
    '12c14551-0860-44d3-a0b0-8946c5024373'
  ),
  (
    '723815b5-d256-4ff6-9c04-82b8bde396fa',
    'c182d594-8e76-4eb4-9c80-71c3cf43c498',
    'J',
    1,
    0,
    '12c14551-0860-44d3-a0b0-8946c5024373'
  ),
  (
    '723cd388-371f-4ff9-a699-f0b751d3ad51',
    'c182d594-8e76-4eb4-9c80-71c3cf43c498',
    'DD',
    4,
    0,
    '12c14551-0860-44d3-a0b0-8946c5024373'
  ),
  (
    '72dcb4c3-5bd0-4ad5-b893-28c11876bc32',
    'c182d594-8e76-4eb4-9c80-71c3cf43c498',
    'H',
    20,
    0,
    '12c14551-0860-44d3-a0b0-8946c5024373'
  ),
  (
    '72fc8d44-cafe-4c67-9113-e4bb44ba3ab0',
    'c182d594-8e76-4eb4-9c80-71c3cf43c498',
    'D',
    38,
    0,
    '1a5d7d5c-45ff-4997-bb50-fe41b41ea607'
  ),
  (
    '73193de0-ab24-4990-80cf-2ddc56a0cf5a',
    'c182d594-8e76-4eb4-9c80-71c3cf43c498',
    'CC',
    50,
    0,
    '12c14551-0860-44d3-a0b0-8946c5024373'
  ),
  (
    '7327e406-1b6d-4980-b9c2-207fd84cdd5f',
    'c182d594-8e76-4eb4-9c80-71c3cf43c498',
    'D',
    22,
    0,
    '1a5d7d5c-45ff-4997-bb50-fe41b41ea607'
  ),
  (
    '73589b30-b2fb-43bf-a26f-bc7e7e8644a2',
    'c182d594-8e76-4eb4-9c80-71c3cf43c498',
    'E',
    42,
    0,
    'a470bfc5-a348-44c5-8311-17002578460d'
  ),
  (
    '74aadc08-900e-436d-a0f9-249c9d5cdfad',
    'c182d594-8e76-4eb4-9c80-71c3cf43c498',
    'D',
    34,
    0,
    '1a5d7d5c-45ff-4997-bb50-fe41b41ea607'
  ),
  (
    '74f69946-6ca7-4470-b992-1279e80e8d90',
    'c182d594-8e76-4eb4-9c80-71c3cf43c498',
    'G',
    39,
    0,
    '12c14551-0860-44d3-a0b0-8946c5024373'
  ),
  (
    '75c3267c-4993-4ba9-a359-1c4b4f3a4dae',
    'c182d594-8e76-4eb4-9c80-71c3cf43c498',
    'EE',
    45,
    0,
    '12c14551-0860-44d3-a0b0-8946c5024373'
  ),
  (
    '75f406b5-1612-4c60-8d70-406e1ba1a570',
    'c182d594-8e76-4eb4-9c80-71c3cf43c498',
    'G',
    30,
    0,
    '12c14551-0860-44d3-a0b0-8946c5024373'
  ),
  (
    '760e7557-7f71-4bb8-87bd-e836c085f3fa',
    'c182d594-8e76-4eb4-9c80-71c3cf43c498',
    'G',
    11,
    0,
    '12c14551-0860-44d3-a0b0-8946c5024373'
  ),
  (
    '76db17b3-d9d0-42e4-96cf-b9f99ffdd31f',
    'c182d594-8e76-4eb4-9c80-71c3cf43c498',
    'AA',
    13,
    0,
    '12c14551-0860-44d3-a0b0-8946c5024373'
  ),
  (
    '76ecda5e-22a9-4851-b4f0-09d8fa390fc3',
    'c182d594-8e76-4eb4-9c80-71c3cf43c498',
    'AA',
    2,
    0,
    '12c14551-0860-44d3-a0b0-8946c5024373'
  ),
  (
    '774ad683-43cc-40c3-bbdc-1b5f7211cb61',
    'c182d594-8e76-4eb4-9c80-71c3cf43c498',
    'BB',
    39,
    0,
    '12c14551-0860-44d3-a0b0-8946c5024373'
  ),
  (
    '77681bff-e088-4924-9b78-ad5afb1d099b',
    'c182d594-8e76-4eb4-9c80-71c3cf43c498',
    'E',
    12,
    0,
    'a470bfc5-a348-44c5-8311-17002578460d'
  ),
  (
    '7802dfa2-1007-476f-a371-848d9c2baa37',
    'c182d594-8e76-4eb4-9c80-71c3cf43c498',
    'F',
    31,
    0,
    '12c14551-0860-44d3-a0b0-8946c5024373'
  ),
  (
    '7825893f-31d4-45d0-af47-608f2f515cda',
    'c182d594-8e76-4eb4-9c80-71c3cf43c498',
    'DD',
    9,
    0,
    '12c14551-0860-44d3-a0b0-8946c5024373'
  ),
  (
    '788ce8b4-3fc7-4357-94a9-474c29633bf3',
    'c182d594-8e76-4eb4-9c80-71c3cf43c498',
    'D',
    32,
    0,
    '1a5d7d5c-45ff-4997-bb50-fe41b41ea607'
  ),
  (
    '789f8f25-8177-44ab-a54b-df83876fee55',
    'c182d594-8e76-4eb4-9c80-71c3cf43c498',
    'K',
    5,
    0,
    '12c14551-0860-44d3-a0b0-8946c5024373'
  ),
  (
    '796c882d-82fc-48eb-bcca-bccf18b3f536',
    'c182d594-8e76-4eb4-9c80-71c3cf43c498',
    'D',
    8,
    0,
    '1a5d7d5c-45ff-4997-bb50-fe41b41ea607'
  ),
  (
    '7a667612-e6ed-4866-be61-550612a6e74a',
    'c182d594-8e76-4eb4-9c80-71c3cf43c498',
    'E',
    46,
    0,
    'a470bfc5-a348-44c5-8311-17002578460d'
  ),
  (
    '7ad75fbb-9855-4925-8498-893af0c546c5',
    'c182d594-8e76-4eb4-9c80-71c3cf43c498',
    'EE',
    44,
    0,
    '12c14551-0860-44d3-a0b0-8946c5024373'
  ),
  (
    '7bd981bd-829e-4a0d-bdbf-c3e1c31dae6d',
    'c182d594-8e76-4eb4-9c80-71c3cf43c498',
    'DD',
    38,
    0,
    '12c14551-0860-44d3-a0b0-8946c5024373'
  ),
  (
    '7c5bb226-7312-4c2a-a9bc-a945647ab97b',
    'c182d594-8e76-4eb4-9c80-71c3cf43c498',
    'F',
    2,
    0,
    'a470bfc5-a348-44c5-8311-17002578460d'
  ),
  (
    '7caf2cbf-d85c-4943-bf60-861c089e12c5',
    'c182d594-8e76-4eb4-9c80-71c3cf43c498',
    'E',
    7,
    0,
    'a470bfc5-a348-44c5-8311-17002578460d'
  ),
  (
    '7d723b32-e3fa-4523-a325-b4318d49a79d',
    'c182d594-8e76-4eb4-9c80-71c3cf43c498',
    'C',
    3,
    0,
    '1a5d7d5c-45ff-4997-bb50-fe41b41ea607'
  ),
  (
    '7db08070-1951-4041-a9a0-3d546d3e633b',
    'c182d594-8e76-4eb4-9c80-71c3cf43c498',
    'B',
    20,
    0,
    '1a5d7d5c-45ff-4997-bb50-fe41b41ea607'
  ),
  (
    '7ec9b0a6-c100-495f-9ceb-e31366f208b5',
    'c182d594-8e76-4eb4-9c80-71c3cf43c498',
    'EE',
    11,
    0,
    '12c14551-0860-44d3-a0b0-8946c5024373'
  ),
  (
    '7ede8b7b-c5ef-4e4d-9238-2100bf8ec377',
    'c182d594-8e76-4eb4-9c80-71c3cf43c498',
    'C',
    10,
    0,
    '1a5d7d5c-45ff-4997-bb50-fe41b41ea607'
  ),
  (
    '7eebeab5-50e1-4efc-bcf3-b9ff4849a2c9',
    'c182d594-8e76-4eb4-9c80-71c3cf43c498',
    'K',
    20,
    0,
    '12c14551-0860-44d3-a0b0-8946c5024373'
  ),
  (
    '7f0ad19b-4952-4f6a-95ac-9bd81becbcb4',
    'c182d594-8e76-4eb4-9c80-71c3cf43c498',
    'G',
    5,
    0,
    '12c14551-0860-44d3-a0b0-8946c5024373'
  ),
  (
    '7f5dfd15-1711-47fc-b16b-5b347db8e8db',
    'c182d594-8e76-4eb4-9c80-71c3cf43c498',
    'EE',
    41,
    0,
    '12c14551-0860-44d3-a0b0-8946c5024373'
  ),
  (
    '7fef8ff6-1fe2-43be-9b0e-2f0672b11fb5',
    'c182d594-8e76-4eb4-9c80-71c3cf43c498',
    'D',
    4,
    0,
    '1a5d7d5c-45ff-4997-bb50-fe41b41ea607'
  ),
  (
    '82247e0b-7f1b-4b97-bccb-537e079bfe49',
    'c182d594-8e76-4eb4-9c80-71c3cf43c498',
    'B',
    39,
    0,
    '1a5d7d5c-45ff-4997-bb50-fe41b41ea607'
  ),
  (
    '8379a610-aa2a-456a-98a8-ec25c36b6a53',
    'c182d594-8e76-4eb4-9c80-71c3cf43c498',
    'J',
    31,
    0,
    '12c14551-0860-44d3-a0b0-8946c5024373'
  ),
  (
    '83bfe997-2605-4af6-abbb-9c66bf6bbccd',
    'c182d594-8e76-4eb4-9c80-71c3cf43c498',
    'A',
    27,
    0,
    '14fee2dc-abb2-4630-be5a-324fe4e85fae'
  ),
  (
    '8405d596-acd0-4276-a30d-d97d5c8657d1',
    'c182d594-8e76-4eb4-9c80-71c3cf43c498',
    'F',
    9,
    0,
    'a470bfc5-a348-44c5-8311-17002578460d'
  ),
  (
    '86910da8-b62c-42f1-97fe-988a784c6cdf',
    'c182d594-8e76-4eb4-9c80-71c3cf43c498',
    'K',
    16,
    0,
    '12c14551-0860-44d3-a0b0-8946c5024373'
  ),
  (
    '86d84c9e-a421-46e7-9a5d-4dfc2158b6d0',
    'c182d594-8e76-4eb4-9c80-71c3cf43c498',
    'G',
    8,
    0,
    '12c14551-0860-44d3-a0b0-8946c5024373'
  ),
  (
    '8708328b-64ad-4b70-9928-de063cf0625b',
    'c182d594-8e76-4eb4-9c80-71c3cf43c498',
    'A',
    22,
    0,
    '14fee2dc-abb2-4630-be5a-324fe4e85fae'
  ),
  (
    '87289a4b-6cdb-4afd-a3f2-78a8e55be83c',
    'c182d594-8e76-4eb4-9c80-71c3cf43c498',
    'BB',
    50,
    0,
    '12c14551-0860-44d3-a0b0-8946c5024373'
  ),
  (
    '876782ca-a8db-4cc0-b812-069f7a9e1ae6',
    'c182d594-8e76-4eb4-9c80-71c3cf43c498',
    'BB',
    17,
    0,
    '12c14551-0860-44d3-a0b0-8946c5024373'
  ),
  (
    '87720825-76d8-4fd7-94f6-83d1a4b4a4cb',
    'c182d594-8e76-4eb4-9c80-71c3cf43c498',
    'C',
    4,
    0,
    '1a5d7d5c-45ff-4997-bb50-fe41b41ea607'
  ),
  (
    '877df67e-cbfd-43c5-907f-a8aef55bff67',
    'c182d594-8e76-4eb4-9c80-71c3cf43c498',
    'K',
    42,
    0,
    '12c14551-0860-44d3-a0b0-8946c5024373'
  ),
  (
    '8834bdf9-fcf6-49fa-87a7-4230f54ac36e',
    'c182d594-8e76-4eb4-9c80-71c3cf43c498',
    'E',
    11,
    0,
    'a470bfc5-a348-44c5-8311-17002578460d'
  ),
  (
    '88d30d76-8b28-40e9-8c50-00fdaf39d470',
    'c182d594-8e76-4eb4-9c80-71c3cf43c498',
    'B',
    24,
    0,
    '1a5d7d5c-45ff-4997-bb50-fe41b41ea607'
  ),
  (
    '891c2fb2-f60f-444f-8f4f-af957cb7e0b0',
    'c182d594-8e76-4eb4-9c80-71c3cf43c498',
    'CC',
    32,
    0,
    '12c14551-0860-44d3-a0b0-8946c5024373'
  ),
  (
    '8949e8a2-5f0d-4cc0-92dd-495aa686cd6d',
    'c182d594-8e76-4eb4-9c80-71c3cf43c498',
    'DD',
    12,
    0,
    '12c14551-0860-44d3-a0b0-8946c5024373'
  ),
  (
    '897b3520-815b-40d0-a231-c90066436d88',
    'c182d594-8e76-4eb4-9c80-71c3cf43c498',
    'H',
    42,
    0,
    '12c14551-0860-44d3-a0b0-8946c5024373'
  ),
  (
    '89c3e4ba-0e71-4d46-916e-2c5b04538d6e',
    'c182d594-8e76-4eb4-9c80-71c3cf43c498',
    'K',
    24,
    0,
    '12c14551-0860-44d3-a0b0-8946c5024373'
  ),
  (
    '8a13b3bc-6ac4-46d9-be3d-204460f1eb12',
    'c182d594-8e76-4eb4-9c80-71c3cf43c498',
    'J',
    9,
    0,
    '12c14551-0860-44d3-a0b0-8946c5024373'
  ),
  (
    '8a31148c-a2b0-4fb4-be99-606d563461c2',
    'c182d594-8e76-4eb4-9c80-71c3cf43c498',
    'D',
    6,
    0,
    '1a5d7d5c-45ff-4997-bb50-fe41b41ea607'
  ),
  (
    '8a6637c3-b2eb-4c3b-9121-09a718d6b647',
    'c182d594-8e76-4eb4-9c80-71c3cf43c498',
    'CC',
    42,
    0,
    '12c14551-0860-44d3-a0b0-8946c5024373'
  ),
  (
    '8b0c1308-d0f9-408b-841c-a17aa927fef5',
    'c182d594-8e76-4eb4-9c80-71c3cf43c498',
    'J',
    25,
    0,
    '12c14551-0860-44d3-a0b0-8946c5024373'
  ),
  (
    '8b4303a9-8383-4ecc-8e9f-b51966cf1bf0',
    'c182d594-8e76-4eb4-9c80-71c3cf43c498',
    'CC',
    37,
    0,
    '12c14551-0860-44d3-a0b0-8946c5024373'
  ),
  (
    '8be39c5e-70cd-4adb-b9fe-97bf6509f1a9',
    'c182d594-8e76-4eb4-9c80-71c3cf43c498',
    'J',
    22,
    0,
    '12c14551-0860-44d3-a0b0-8946c5024373'
  ),
  (
    '8c079028-3564-4be6-9b7a-66839084581b',
    'c182d594-8e76-4eb4-9c80-71c3cf43c498',
    'E',
    36,
    0,
    'a470bfc5-a348-44c5-8311-17002578460d'
  ),
  (
    '8ce651f0-2d2c-463a-bc99-00b138e1e9e3',
    'c182d594-8e76-4eb4-9c80-71c3cf43c498',
    'DD',
    27,
    0,
    '12c14551-0860-44d3-a0b0-8946c5024373'
  ),
  (
    '8d59da1f-6210-4257-8bfb-32387a968d8b',
    'c182d594-8e76-4eb4-9c80-71c3cf43c498',
    'CC',
    16,
    0,
    '12c14551-0860-44d3-a0b0-8946c5024373'
  ),
  (
    '8dee3227-3148-44cb-8f2e-8c81ac9d1aa9',
    'c182d594-8e76-4eb4-9c80-71c3cf43c498',
    'L',
    15,
    0,
    '12c14551-0860-44d3-a0b0-8946c5024373'
  ),
  (
    '8e28ca3a-7f3b-45af-bf8c-eec76cd26919',
    'c182d594-8e76-4eb4-9c80-71c3cf43c498',
    'D',
    36,
    0,
    '1a5d7d5c-45ff-4997-bb50-fe41b41ea607'
  ),
  (
    '8fa688f7-7b50-4446-bf24-c2f0beb104ab',
    'c182d594-8e76-4eb4-9c80-71c3cf43c498',
    'CC',
    11,
    0,
    '12c14551-0860-44d3-a0b0-8946c5024373'
  ),
  (
    '90180c84-42f7-4d79-8249-713a536626c8',
    'c182d594-8e76-4eb4-9c80-71c3cf43c498',
    'E',
    44,
    0,
    'a470bfc5-a348-44c5-8311-17002578460d'
  ),
  (
    '9092fa24-b38e-464b-8f31-ce7dfb827913',
    'c182d594-8e76-4eb4-9c80-71c3cf43c498',
    'EE',
    23,
    0,
    '12c14551-0860-44d3-a0b0-8946c5024373'
  ),
  (
    '90ff70a6-e030-4a6d-ba1d-390ca119782f',
    'c182d594-8e76-4eb4-9c80-71c3cf43c498',
    'C',
    17,
    0,
    '1a5d7d5c-45ff-4997-bb50-fe41b41ea607'
  ),
  (
    '91708598-1a2d-41aa-ae8f-ad517c4d9f65',
    'c182d594-8e76-4eb4-9c80-71c3cf43c498',
    'J',
    41,
    0,
    '12c14551-0860-44d3-a0b0-8946c5024373'
  ),
  (
    '9173854a-2b6e-4be1-828b-9ee048233576',
    'c182d594-8e76-4eb4-9c80-71c3cf43c498',
    'BB',
    15,
    0,
    '12c14551-0860-44d3-a0b0-8946c5024373'
  ),
  (
    '91cc343b-af48-4837-97d6-64977b94726d',
    'c182d594-8e76-4eb4-9c80-71c3cf43c498',
    'K',
    18,
    0,
    '12c14551-0860-44d3-a0b0-8946c5024373'
  ),
  (
    '92032824-27a2-4403-9f4f-ba01fcaad7fe',
    'c182d594-8e76-4eb4-9c80-71c3cf43c498',
    'H',
    27,
    0,
    '12c14551-0860-44d3-a0b0-8946c5024373'
  ),
  (
    '92052089-9944-494d-87c1-827c95309cd1',
    'c182d594-8e76-4eb4-9c80-71c3cf43c498',
    'J',
    40,
    0,
    '12c14551-0860-44d3-a0b0-8946c5024373'
  ),
  (
    '928387e0-5ec4-46b5-97c6-cd120f4359d9',
    'c182d594-8e76-4eb4-9c80-71c3cf43c498',
    'D',
    27,
    0,
    '1a5d7d5c-45ff-4997-bb50-fe41b41ea607'
  ),
  (
    '92ad9fc8-c75e-4f81-abe8-e28a90885166',
    'c182d594-8e76-4eb4-9c80-71c3cf43c498',
    'L',
    18,
    0,
    '12c14551-0860-44d3-a0b0-8946c5024373'
  ),
  (
    '92b889ee-b565-47d2-9aca-f0400b628a75',
    'c182d594-8e76-4eb4-9c80-71c3cf43c498',
    'J',
    20,
    0,
    '12c14551-0860-44d3-a0b0-8946c5024373'
  ),
  (
    '92ed327b-d741-4321-bfa8-ce0997f7492b',
    'c182d594-8e76-4eb4-9c80-71c3cf43c498',
    'EE',
    30,
    0,
    '12c14551-0860-44d3-a0b0-8946c5024373'
  ),
  (
    '93147322-dcd7-46c5-9939-877052dc0f30',
    'c182d594-8e76-4eb4-9c80-71c3cf43c498',
    'DD',
    41,
    0,
    '12c14551-0860-44d3-a0b0-8946c5024373'
  ),
  (
    '936f026a-d801-4993-9eea-9d4a06a79643',
    'c182d594-8e76-4eb4-9c80-71c3cf43c498',
    'G',
    9,
    0,
    '12c14551-0860-44d3-a0b0-8946c5024373'
  ),
  (
    '93705e27-655b-4cea-9c00-67b5080d32e9',
    'c182d594-8e76-4eb4-9c80-71c3cf43c498',
    'AA',
    16,
    0,
    '12c14551-0860-44d3-a0b0-8946c5024373'
  ),
  (
    '9476e0a2-537f-46e0-84a7-9317e027f3a7',
    'c182d594-8e76-4eb4-9c80-71c3cf43c498',
    'D',
    5,
    0,
    '1a5d7d5c-45ff-4997-bb50-fe41b41ea607'
  ),
  (
    '947dd181-dbf8-4890-971e-820126262ebf',
    'c182d594-8e76-4eb4-9c80-71c3cf43c498',
    'J',
    4,
    0,
    '12c14551-0860-44d3-a0b0-8946c5024373'
  ),
  (
    '94db267a-7716-4fc3-8fd6-c83cb5a47ed3',
    'c182d594-8e76-4eb4-9c80-71c3cf43c498',
    'EE',
    35,
    0,
    '12c14551-0860-44d3-a0b0-8946c5024373'
  ),
  (
    '9506c649-e4ec-48be-802e-88ab37453d4d',
    'c182d594-8e76-4eb4-9c80-71c3cf43c498',
    'B',
    15,
    0,
    '1a5d7d5c-45ff-4997-bb50-fe41b41ea607'
  ),
  (
    '95104ba5-01ec-481e-a77f-0318cf61eaa1',
    'c182d594-8e76-4eb4-9c80-71c3cf43c498',
    'EE',
    31,
    0,
    '12c14551-0860-44d3-a0b0-8946c5024373'
  ),
  (
    '955a6e9f-8afd-4346-84ad-df6f80cf38b9',
    'c182d594-8e76-4eb4-9c80-71c3cf43c498',
    'DD',
    39,
    0,
    '12c14551-0860-44d3-a0b0-8946c5024373'
  ),
  (
    '95df5edf-8b74-47bc-98ef-ccb46a5157b4',
    'c182d594-8e76-4eb4-9c80-71c3cf43c498',
    'F',
    5,
    0,
    'a470bfc5-a348-44c5-8311-17002578460d'
  ),
  (
    '96d5b17c-4b73-4504-84a1-51896ecf9561',
    'c182d594-8e76-4eb4-9c80-71c3cf43c498',
    'B',
    17,
    0,
    '1a5d7d5c-45ff-4997-bb50-fe41b41ea607'
  ),
  (
    '96e4fda8-95b4-484d-8db7-418a462ba52c',
    'c182d594-8e76-4eb4-9c80-71c3cf43c498',
    'CC',
    40,
    0,
    '12c14551-0860-44d3-a0b0-8946c5024373'
  ),
  (
    '97340b61-ebc3-41d8-aa9e-7824faf551cd',
    'c182d594-8e76-4eb4-9c80-71c3cf43c498',
    'A',
    39,
    0,
    '14fee2dc-abb2-4630-be5a-324fe4e85fae'
  ),
  (
    '97bf47ba-1037-4717-8178-9bf9e9e87ed9',
    'c182d594-8e76-4eb4-9c80-71c3cf43c498',
    'F',
    26,
    0,
    '12c14551-0860-44d3-a0b0-8946c5024373'
  );

INSERT INTO
  `seats` (
    `id`,
    `eventId`,
    `seatRow`,
    `seatNumber`,
    `isBooked`,
    `ticketTypeId`
  )
VALUES
  (
    '97feeb70-9220-4a13-990f-c9401472a5c1',
    'c182d594-8e76-4eb4-9c80-71c3cf43c498',
    'E',
    17,
    0,
    'a470bfc5-a348-44c5-8311-17002578460d'
  ),
  (
    '9898aaec-3c5c-47b0-aac0-6f8307222eb5',
    'c182d594-8e76-4eb4-9c80-71c3cf43c498',
    'C',
    6,
    0,
    '1a5d7d5c-45ff-4997-bb50-fe41b41ea607'
  ),
  (
    '98a32c42-90b3-4f57-8a5c-493624622495',
    'c182d594-8e76-4eb4-9c80-71c3cf43c498',
    'J',
    18,
    0,
    '12c14551-0860-44d3-a0b0-8946c5024373'
  ),
  (
    '98a5ca52-24ba-4180-abe8-de3e3f3e8995',
    'c182d594-8e76-4eb4-9c80-71c3cf43c498',
    'F',
    8,
    0,
    'a470bfc5-a348-44c5-8311-17002578460d'
  ),
  (
    '9a255066-f1e3-4ab2-abe3-ac24700b5a1a',
    'c182d594-8e76-4eb4-9c80-71c3cf43c498',
    'D',
    42,
    0,
    '1a5d7d5c-45ff-4997-bb50-fe41b41ea607'
  ),
  (
    '9a3e7908-bc02-4599-b1cd-c5d23eaf4186',
    'c182d594-8e76-4eb4-9c80-71c3cf43c498',
    'G',
    4,
    0,
    '12c14551-0860-44d3-a0b0-8946c5024373'
  ),
  (
    '9a5c4b50-4cf6-4356-9dfa-2c579cd23170',
    'c182d594-8e76-4eb4-9c80-71c3cf43c498',
    'F',
    27,
    0,
    '12c14551-0860-44d3-a0b0-8946c5024373'
  ),
  (
    '9acd7106-48e6-4a01-8ba5-f374208d28fe',
    'c182d594-8e76-4eb4-9c80-71c3cf43c498',
    'AA',
    31,
    0,
    '12c14551-0860-44d3-a0b0-8946c5024373'
  ),
  (
    '9af7cb9b-80d0-4771-ab4a-1747150a322a',
    'c182d594-8e76-4eb4-9c80-71c3cf43c498',
    'J',
    19,
    0,
    '12c14551-0860-44d3-a0b0-8946c5024373'
  ),
  (
    '9b3c52a9-43c2-49a8-8601-90f19a1adcbb',
    'c182d594-8e76-4eb4-9c80-71c3cf43c498',
    'H',
    4,
    0,
    '12c14551-0860-44d3-a0b0-8946c5024373'
  ),
  (
    '9b46b9b7-f1e4-4cce-a935-38e12e2189cc',
    'c182d594-8e76-4eb4-9c80-71c3cf43c498',
    'B',
    28,
    0,
    '1a5d7d5c-45ff-4997-bb50-fe41b41ea607'
  ),
  (
    '9bf74cd0-b923-46cf-987a-8ae1d38af1e4',
    'c182d594-8e76-4eb4-9c80-71c3cf43c498',
    'BB',
    6,
    0,
    '12c14551-0860-44d3-a0b0-8946c5024373'
  ),
  (
    '9c8dc20f-10bf-42a0-a798-b63273f845fc',
    'c182d594-8e76-4eb4-9c80-71c3cf43c498',
    'L',
    30,
    0,
    '12c14551-0860-44d3-a0b0-8946c5024373'
  ),
  (
    '9d2f0f2c-7bd8-4d5e-979d-053ec00ae3fa',
    'c182d594-8e76-4eb4-9c80-71c3cf43c498',
    'H',
    24,
    0,
    '12c14551-0860-44d3-a0b0-8946c5024373'
  ),
  (
    '9d8c2b79-0bbb-4965-905f-3ba0b59a8166',
    'c182d594-8e76-4eb4-9c80-71c3cf43c498',
    'CC',
    5,
    0,
    '12c14551-0860-44d3-a0b0-8946c5024373'
  ),
  (
    '9daa2b41-8fb7-46f3-8c83-d882a93d21f0',
    'c182d594-8e76-4eb4-9c80-71c3cf43c498',
    'G',
    23,
    0,
    '12c14551-0860-44d3-a0b0-8946c5024373'
  ),
  (
    '9df6c261-bbe8-4fb3-8077-144267330f52',
    'c182d594-8e76-4eb4-9c80-71c3cf43c498',
    'F',
    15,
    0,
    '12c14551-0860-44d3-a0b0-8946c5024373'
  ),
  (
    '9e4c95ea-7ed0-49d8-930f-6952b546c7dd',
    'c182d594-8e76-4eb4-9c80-71c3cf43c498',
    'BB',
    5,
    0,
    '12c14551-0860-44d3-a0b0-8946c5024373'
  ),
  (
    '9e7cc181-ddb9-43e1-9f43-dd31f91e420c',
    'c182d594-8e76-4eb4-9c80-71c3cf43c498',
    'L',
    27,
    0,
    '12c14551-0860-44d3-a0b0-8946c5024373'
  ),
  (
    '9f29833b-b327-442d-bb45-45fe72117503',
    'c182d594-8e76-4eb4-9c80-71c3cf43c498',
    'B',
    23,
    0,
    '1a5d7d5c-45ff-4997-bb50-fe41b41ea607'
  ),
  (
    '9f4099d6-79f7-4aa5-8ff0-96b9564344dc',
    'c182d594-8e76-4eb4-9c80-71c3cf43c498',
    'A',
    5,
    0,
    '14fee2dc-abb2-4630-be5a-324fe4e85fae'
  ),
  (
    '9f669a7a-7fb3-48b9-ad43-ea2c9c7a0460',
    'c182d594-8e76-4eb4-9c80-71c3cf43c498',
    'D',
    45,
    0,
    '1a5d7d5c-45ff-4997-bb50-fe41b41ea607'
  ),
  (
    '9f705298-f6e4-48c7-bfcc-05a377aa20a2',
    'c182d594-8e76-4eb4-9c80-71c3cf43c498',
    'DD',
    11,
    0,
    '12c14551-0860-44d3-a0b0-8946c5024373'
  ),
  (
    '9fcf06a3-595d-4239-a456-914ee1f2cef7',
    'c182d594-8e76-4eb4-9c80-71c3cf43c498',
    'F',
    23,
    0,
    '12c14551-0860-44d3-a0b0-8946c5024373'
  ),
  (
    'a03d658f-1437-4ac2-acf1-d6a7c8cb7b27',
    'c182d594-8e76-4eb4-9c80-71c3cf43c498',
    'J',
    28,
    0,
    '12c14551-0860-44d3-a0b0-8946c5024373'
  ),
  (
    'a05c0c9c-3485-468e-80f0-68744dc828c3',
    'c182d594-8e76-4eb4-9c80-71c3cf43c498',
    'EE',
    47,
    0,
    '12c14551-0860-44d3-a0b0-8946c5024373'
  ),
  (
    'a1a9c712-1323-4625-96b8-d248042c3da4',
    'c182d594-8e76-4eb4-9c80-71c3cf43c498',
    'E',
    2,
    0,
    'a470bfc5-a348-44c5-8311-17002578460d'
  ),
  (
    'a1d5fbf5-5630-46e7-bbd9-f68f8d9741b1',
    'c182d594-8e76-4eb4-9c80-71c3cf43c498',
    'G',
    45,
    0,
    '12c14551-0860-44d3-a0b0-8946c5024373'
  ),
  (
    'a2384302-75ee-4862-a13c-11b2a05b3216',
    'c182d594-8e76-4eb4-9c80-71c3cf43c498',
    'AA',
    50,
    0,
    '12c14551-0860-44d3-a0b0-8946c5024373'
  ),
  (
    'a2a22b0d-510f-4492-8b74-a6711f7c50b1',
    'c182d594-8e76-4eb4-9c80-71c3cf43c498',
    'BB',
    29,
    0,
    '12c14551-0860-44d3-a0b0-8946c5024373'
  ),
  (
    'a33e1923-22ac-4a2b-93f0-9143e6fd3809',
    'c182d594-8e76-4eb4-9c80-71c3cf43c498',
    'H',
    29,
    0,
    '12c14551-0860-44d3-a0b0-8946c5024373'
  ),
  (
    'a36a7a98-891d-4b70-8a3a-4d9ee254a6da',
    'c182d594-8e76-4eb4-9c80-71c3cf43c498',
    'E',
    29,
    0,
    'a470bfc5-a348-44c5-8311-17002578460d'
  ),
  (
    'a4057bc3-e97b-4019-9755-974c58b3bd82',
    'c182d594-8e76-4eb4-9c80-71c3cf43c498',
    'D',
    7,
    0,
    '1a5d7d5c-45ff-4997-bb50-fe41b41ea607'
  ),
  (
    'a42f6e8b-17b5-4551-807e-3e8a333bb348',
    'c182d594-8e76-4eb4-9c80-71c3cf43c498',
    'C',
    5,
    0,
    '1a5d7d5c-45ff-4997-bb50-fe41b41ea607'
  ),
  (
    'a43bfc61-313d-4b37-a413-c261105f62f9',
    'c182d594-8e76-4eb4-9c80-71c3cf43c498',
    'BB',
    46,
    0,
    '12c14551-0860-44d3-a0b0-8946c5024373'
  ),
  (
    'a4ec7aee-6b67-45eb-9312-e66a040d132e',
    'c182d594-8e76-4eb4-9c80-71c3cf43c498',
    'CC',
    23,
    0,
    '12c14551-0860-44d3-a0b0-8946c5024373'
  ),
  (
    'a4f3ea1e-7fc1-4b41-885c-3b020d29243d',
    'c182d594-8e76-4eb4-9c80-71c3cf43c498',
    'BB',
    35,
    0,
    '12c14551-0860-44d3-a0b0-8946c5024373'
  ),
  (
    'a523af14-b7ff-43cb-b24f-ad6439b6bb6d',
    'c182d594-8e76-4eb4-9c80-71c3cf43c498',
    'DD',
    22,
    0,
    '12c14551-0860-44d3-a0b0-8946c5024373'
  ),
  (
    'a52a5d1a-b733-4b2f-b443-7a12a10018e9',
    'c182d594-8e76-4eb4-9c80-71c3cf43c498',
    'J',
    27,
    0,
    '12c14551-0860-44d3-a0b0-8946c5024373'
  ),
  (
    'a5a96ba8-e7fc-43dd-858c-4ca170aadafc',
    'c182d594-8e76-4eb4-9c80-71c3cf43c498',
    'K',
    39,
    0,
    '12c14551-0860-44d3-a0b0-8946c5024373'
  ),
  (
    'a5d974c9-ba47-4e4a-b364-c565ee723afb',
    'c182d594-8e76-4eb4-9c80-71c3cf43c498',
    'E',
    16,
    0,
    'a470bfc5-a348-44c5-8311-17002578460d'
  ),
  (
    'a601ec6f-f132-477a-9107-a0b24fee5d8a',
    'c182d594-8e76-4eb4-9c80-71c3cf43c498',
    'EE',
    46,
    0,
    '12c14551-0860-44d3-a0b0-8946c5024373'
  ),
  (
    'a6da5e8d-b779-40a6-9a42-63be3ddddc92',
    'c182d594-8e76-4eb4-9c80-71c3cf43c498',
    'H',
    16,
    0,
    '12c14551-0860-44d3-a0b0-8946c5024373'
  ),
  (
    'a7ae9104-fe93-416d-8899-ce4158703842',
    'c182d594-8e76-4eb4-9c80-71c3cf43c498',
    'EE',
    32,
    0,
    '12c14551-0860-44d3-a0b0-8946c5024373'
  ),
  (
    'a7c5f2b8-dc3e-4126-a988-ac64ea9c05fc',
    'c182d594-8e76-4eb4-9c80-71c3cf43c498',
    'L',
    28,
    0,
    '12c14551-0860-44d3-a0b0-8946c5024373'
  ),
  (
    'a7ebf4d1-eb4a-4ad3-8120-7a0ad11e00a6',
    'c182d594-8e76-4eb4-9c80-71c3cf43c498',
    'G',
    10,
    0,
    '12c14551-0860-44d3-a0b0-8946c5024373'
  ),
  (
    'a849d119-7090-4718-8792-1668fcf72f36',
    'c182d594-8e76-4eb4-9c80-71c3cf43c498',
    'AA',
    38,
    0,
    '12c14551-0860-44d3-a0b0-8946c5024373'
  ),
  (
    'a85ed9e2-e02d-4e8d-a463-683868791d30',
    'c182d594-8e76-4eb4-9c80-71c3cf43c498',
    'B',
    2,
    0,
    '1a5d7d5c-45ff-4997-bb50-fe41b41ea607'
  ),
  (
    'a90c7109-a024-4692-8062-aa33bf165dc8',
    'c182d594-8e76-4eb4-9c80-71c3cf43c498',
    'J',
    38,
    0,
    '12c14551-0860-44d3-a0b0-8946c5024373'
  ),
  (
    'a919187f-177c-4008-a99d-48ebb97886ae',
    'c182d594-8e76-4eb4-9c80-71c3cf43c498',
    'EE',
    9,
    0,
    '12c14551-0860-44d3-a0b0-8946c5024373'
  ),
  (
    'a9ec75d8-d2da-4403-9923-1ae0587e467c',
    'c182d594-8e76-4eb4-9c80-71c3cf43c498',
    'BB',
    18,
    0,
    '12c14551-0860-44d3-a0b0-8946c5024373'
  ),
  (
    'aa3f4a0e-828f-4292-ba10-49deb37c9388',
    'c182d594-8e76-4eb4-9c80-71c3cf43c498',
    'AA',
    37,
    0,
    '12c14551-0860-44d3-a0b0-8946c5024373'
  ),
  (
    'aabffb28-407f-4e35-be71-5b631d27b2f1',
    'c182d594-8e76-4eb4-9c80-71c3cf43c498',
    'BB',
    16,
    0,
    '12c14551-0860-44d3-a0b0-8946c5024373'
  ),
  (
    'ac33a454-0e65-4c20-becd-91a89aad3b90',
    'c182d594-8e76-4eb4-9c80-71c3cf43c498',
    'DD',
    2,
    0,
    '12c14551-0860-44d3-a0b0-8946c5024373'
  ),
  (
    'ac740d9d-f045-47c0-82e9-6ef933664378',
    'c182d594-8e76-4eb4-9c80-71c3cf43c498',
    'E',
    6,
    0,
    'a470bfc5-a348-44c5-8311-17002578460d'
  ),
  (
    'ac8f2c5d-8370-4378-95a3-6355c5d3ce63',
    'c182d594-8e76-4eb4-9c80-71c3cf43c498',
    'H',
    40,
    0,
    '12c14551-0860-44d3-a0b0-8946c5024373'
  ),
  (
    'aca8dc58-7876-4739-a61a-a1832e586bd5',
    'c182d594-8e76-4eb4-9c80-71c3cf43c498',
    'B',
    21,
    0,
    '1a5d7d5c-45ff-4997-bb50-fe41b41ea607'
  ),
  (
    'accd9fff-47da-4335-ad97-e0c018cd7ff0',
    'c182d594-8e76-4eb4-9c80-71c3cf43c498',
    'G',
    29,
    0,
    '12c14551-0860-44d3-a0b0-8946c5024373'
  ),
  (
    'acfbf71f-fa8f-4dc3-a5eb-cc703be4547b',
    'c182d594-8e76-4eb4-9c80-71c3cf43c498',
    'G',
    18,
    0,
    '12c14551-0860-44d3-a0b0-8946c5024373'
  ),
  (
    'ad3f6652-e949-4fe1-9fa1-331de9595fc1',
    'c182d594-8e76-4eb4-9c80-71c3cf43c498',
    'K',
    43,
    0,
    '12c14551-0860-44d3-a0b0-8946c5024373'
  ),
  (
    'ae36d537-e7e9-44fc-878a-974447028aa3',
    'c182d594-8e76-4eb4-9c80-71c3cf43c498',
    'K',
    1,
    0,
    '12c14551-0860-44d3-a0b0-8946c5024373'
  ),
  (
    'af1abe01-f70c-4a79-9c7d-04bf00996b51',
    'c182d594-8e76-4eb4-9c80-71c3cf43c498',
    'F',
    7,
    0,
    'a470bfc5-a348-44c5-8311-17002578460d'
  ),
  (
    'af1aea4d-1529-4868-9286-0032abbe221f',
    'c182d594-8e76-4eb4-9c80-71c3cf43c498',
    'J',
    44,
    0,
    '12c14551-0860-44d3-a0b0-8946c5024373'
  ),
  (
    'afb6a67a-6167-417a-b1fd-4bc1e752b312',
    'c182d594-8e76-4eb4-9c80-71c3cf43c498',
    'AA',
    36,
    0,
    '12c14551-0860-44d3-a0b0-8946c5024373'
  ),
  (
    'b0433f73-379a-4a8c-a4eb-6c9d26fba45e',
    'c182d594-8e76-4eb4-9c80-71c3cf43c498',
    'CC',
    31,
    0,
    '12c14551-0860-44d3-a0b0-8946c5024373'
  ),
  (
    'b080ad3b-8e2f-45a8-a8ec-07e2939724b2',
    'c182d594-8e76-4eb4-9c80-71c3cf43c498',
    'DD',
    32,
    0,
    '12c14551-0860-44d3-a0b0-8946c5024373'
  ),
  (
    'b140dee9-31f7-4e8d-a11f-f638728487fb',
    'c182d594-8e76-4eb4-9c80-71c3cf43c498',
    'H',
    6,
    0,
    '12c14551-0860-44d3-a0b0-8946c5024373'
  ),
  (
    'b2933355-3208-4d48-a693-99815b87719f',
    'c182d594-8e76-4eb4-9c80-71c3cf43c498',
    'J',
    2,
    0,
    '12c14551-0860-44d3-a0b0-8946c5024373'
  ),
  (
    'b2f0121c-f71b-4e66-9b9c-a761a304a9e0',
    'c182d594-8e76-4eb4-9c80-71c3cf43c498',
    'CC',
    12,
    0,
    '12c14551-0860-44d3-a0b0-8946c5024373'
  ),
  (
    'b39fc443-207c-4012-87b9-fcf397cb0adb',
    'c182d594-8e76-4eb4-9c80-71c3cf43c498',
    'EE',
    33,
    0,
    '12c14551-0860-44d3-a0b0-8946c5024373'
  ),
  (
    'b3af1d2e-8abb-4bc1-ae82-859eeeb749ee',
    'c182d594-8e76-4eb4-9c80-71c3cf43c498',
    'C',
    28,
    0,
    '1a5d7d5c-45ff-4997-bb50-fe41b41ea607'
  ),
  (
    'b3e50634-6dac-41d2-ba63-2de4502be162',
    'c182d594-8e76-4eb4-9c80-71c3cf43c498',
    'BB',
    26,
    0,
    '12c14551-0860-44d3-a0b0-8946c5024373'
  ),
  (
    'b449a73c-eb5c-4508-ac2c-b06a0e3df8a9',
    'c182d594-8e76-4eb4-9c80-71c3cf43c498',
    'C',
    25,
    0,
    '1a5d7d5c-45ff-4997-bb50-fe41b41ea607'
  ),
  (
    'b46857ad-eba6-4aff-8302-08d7d9394c6c',
    'c182d594-8e76-4eb4-9c80-71c3cf43c498',
    'BB',
    23,
    0,
    '12c14551-0860-44d3-a0b0-8946c5024373'
  ),
  (
    'b4b0418e-e18a-4b10-a362-0d95daeaa421',
    'c182d594-8e76-4eb4-9c80-71c3cf43c498',
    'K',
    25,
    0,
    '12c14551-0860-44d3-a0b0-8946c5024373'
  ),
  (
    'b4f18ec5-ec3b-475e-b9ee-3fe92382a4c4',
    'c182d594-8e76-4eb4-9c80-71c3cf43c498',
    'B',
    3,
    0,
    '1a5d7d5c-45ff-4997-bb50-fe41b41ea607'
  ),
  (
    'b56bde65-f8a5-40ec-8cae-8d1ca1ff7d24',
    'c182d594-8e76-4eb4-9c80-71c3cf43c498',
    'E',
    20,
    0,
    'a470bfc5-a348-44c5-8311-17002578460d'
  ),
  (
    'b5ffdde0-0502-4a78-b487-e587812f2a38',
    'c182d594-8e76-4eb4-9c80-71c3cf43c498',
    'H',
    28,
    0,
    '12c14551-0860-44d3-a0b0-8946c5024373'
  ),
  (
    'b6454683-c1bf-4257-9a8f-5e51743f2077',
    'c182d594-8e76-4eb4-9c80-71c3cf43c498',
    'K',
    8,
    0,
    '12c14551-0860-44d3-a0b0-8946c5024373'
  ),
  (
    'b6b4b38c-cc2f-4f3c-b0fb-0bea43ca1d17',
    'c182d594-8e76-4eb4-9c80-71c3cf43c498',
    'B',
    10,
    0,
    '1a5d7d5c-45ff-4997-bb50-fe41b41ea607'
  ),
  (
    'b8415a98-0054-441d-9dd2-58ac68d0717e',
    'c182d594-8e76-4eb4-9c80-71c3cf43c498',
    'DD',
    36,
    0,
    '12c14551-0860-44d3-a0b0-8946c5024373'
  ),
  (
    'b8644a49-b956-4590-807a-2fb961ef331d',
    'c182d594-8e76-4eb4-9c80-71c3cf43c498',
    'C',
    7,
    0,
    '1a5d7d5c-45ff-4997-bb50-fe41b41ea607'
  ),
  (
    'b89831a2-86ac-42c2-9e12-2cc56c17a329',
    'c182d594-8e76-4eb4-9c80-71c3cf43c498',
    'J',
    30,
    0,
    '12c14551-0860-44d3-a0b0-8946c5024373'
  ),
  (
    'b8d60692-f66c-4a1e-a838-d75a26cdc014',
    'c182d594-8e76-4eb4-9c80-71c3cf43c498',
    'CC',
    49,
    0,
    '12c14551-0860-44d3-a0b0-8946c5024373'
  ),
  (
    'b8d7b648-bee1-4ecc-a00a-e61335823d18',
    'c182d594-8e76-4eb4-9c80-71c3cf43c498',
    'H',
    19,
    0,
    '12c14551-0860-44d3-a0b0-8946c5024373'
  ),
  (
    'b900d3d4-02fb-45a5-904d-261801326942',
    'c182d594-8e76-4eb4-9c80-71c3cf43c498',
    'AA',
    46,
    0,
    '12c14551-0860-44d3-a0b0-8946c5024373'
  ),
  (
    'b983e753-a8f3-49d3-8782-50577c21c419',
    'c182d594-8e76-4eb4-9c80-71c3cf43c498',
    'A',
    26,
    0,
    '14fee2dc-abb2-4630-be5a-324fe4e85fae'
  ),
  (
    'b9ac4568-3451-4cc6-ad31-92aa4b738e2a',
    'c182d594-8e76-4eb4-9c80-71c3cf43c498',
    'A',
    43,
    0,
    '14fee2dc-abb2-4630-be5a-324fe4e85fae'
  ),
  (
    'b9de1333-de5b-46bf-a299-2600e13ba1bf',
    'c182d594-8e76-4eb4-9c80-71c3cf43c498',
    'DD',
    3,
    0,
    '12c14551-0860-44d3-a0b0-8946c5024373'
  ),
  (
    'ba4014ab-2832-439f-aa61-f6651face63e',
    'c182d594-8e76-4eb4-9c80-71c3cf43c498',
    'J',
    21,
    0,
    '12c14551-0860-44d3-a0b0-8946c5024373'
  ),
  (
    'bab3d9ce-64e9-4a4b-8d38-0e56f6cc25b6',
    'c182d594-8e76-4eb4-9c80-71c3cf43c498',
    'K',
    38,
    0,
    '12c14551-0860-44d3-a0b0-8946c5024373'
  ),
  (
    'bbb89f9c-e736-4706-9042-9bc48ac4841e',
    'c182d594-8e76-4eb4-9c80-71c3cf43c498',
    'J',
    39,
    0,
    '12c14551-0860-44d3-a0b0-8946c5024373'
  ),
  (
    'bc2d963e-2b0f-49d2-9172-d5942a80d5b3',
    'c182d594-8e76-4eb4-9c80-71c3cf43c498',
    'AA',
    9,
    0,
    '12c14551-0860-44d3-a0b0-8946c5024373'
  ),
  (
    'bc6b3c0d-f54d-4873-8abb-aade6be16b76',
    'c182d594-8e76-4eb4-9c80-71c3cf43c498',
    'C',
    36,
    0,
    '1a5d7d5c-45ff-4997-bb50-fe41b41ea607'
  ),
  (
    'bcc725f6-6c6b-4043-8370-ab7b28d12a9a',
    'c182d594-8e76-4eb4-9c80-71c3cf43c498',
    'G',
    24,
    0,
    '12c14551-0860-44d3-a0b0-8946c5024373'
  ),
  (
    'bd62780e-2aa1-4fc3-a46a-7c6b4e4e47ba',
    'c182d594-8e76-4eb4-9c80-71c3cf43c498',
    'DD',
    19,
    0,
    '12c14551-0860-44d3-a0b0-8946c5024373'
  ),
  (
    'be390208-c8e1-4e7d-87a9-e57fa1fd1680',
    'c182d594-8e76-4eb4-9c80-71c3cf43c498',
    'F',
    32,
    0,
    '12c14551-0860-44d3-a0b0-8946c5024373'
  ),
  (
    'beae259a-0550-466d-9f03-bf150c0945e0',
    'c182d594-8e76-4eb4-9c80-71c3cf43c498',
    'L',
    25,
    0,
    '12c14551-0860-44d3-a0b0-8946c5024373'
  ),
  (
    'bed0e4b7-61c1-4f76-ad15-1adbeb26dd6c',
    'c182d594-8e76-4eb4-9c80-71c3cf43c498',
    'D',
    19,
    0,
    '1a5d7d5c-45ff-4997-bb50-fe41b41ea607'
  ),
  (
    'bef79eb8-9e53-43be-8225-daa5c17a0312',
    'c182d594-8e76-4eb4-9c80-71c3cf43c498',
    'L',
    17,
    0,
    '12c14551-0860-44d3-a0b0-8946c5024373'
  ),
  (
    'bf2355c2-41a0-4622-8ead-c521fa5c8076',
    'c182d594-8e76-4eb4-9c80-71c3cf43c498',
    'AA',
    35,
    0,
    '12c14551-0860-44d3-a0b0-8946c5024373'
  ),
  (
    'bfa0e0fb-a3bc-4cdf-8b66-54b6e6e815e6',
    'c182d594-8e76-4eb4-9c80-71c3cf43c498',
    'G',
    31,
    0,
    '12c14551-0860-44d3-a0b0-8946c5024373'
  ),
  (
    'c07ebfaf-b83f-43cd-9fe9-97467c483db7',
    'c182d594-8e76-4eb4-9c80-71c3cf43c498',
    'F',
    18,
    0,
    '12c14551-0860-44d3-a0b0-8946c5024373'
  ),
  (
    'c174d810-6011-4328-927d-9fc1deb5bb38',
    'c182d594-8e76-4eb4-9c80-71c3cf43c498',
    'AA',
    42,
    0,
    '12c14551-0860-44d3-a0b0-8946c5024373'
  ),
  (
    'c1ad78b0-0965-42d2-b1c0-f42073212dc4',
    'c182d594-8e76-4eb4-9c80-71c3cf43c498',
    'G',
    42,
    0,
    '12c14551-0860-44d3-a0b0-8946c5024373'
  ),
  (
    'c1b38994-8826-491a-875d-7a4cfcaca8bd',
    'c182d594-8e76-4eb4-9c80-71c3cf43c498',
    'BB',
    21,
    0,
    '12c14551-0860-44d3-a0b0-8946c5024373'
  ),
  (
    'c2199585-5969-44b4-97ac-25010122d932',
    'c182d594-8e76-4eb4-9c80-71c3cf43c498',
    'DD',
    42,
    0,
    '12c14551-0860-44d3-a0b0-8946c5024373'
  ),
  (
    'c22ce95b-b064-4ba3-a4b2-aeb8f0a8101a',
    'c182d594-8e76-4eb4-9c80-71c3cf43c498',
    'BB',
    49,
    0,
    '12c14551-0860-44d3-a0b0-8946c5024373'
  ),
  (
    'c3766cac-0983-4146-afed-2c482f195a27',
    'c182d594-8e76-4eb4-9c80-71c3cf43c498',
    'D',
    29,
    0,
    '1a5d7d5c-45ff-4997-bb50-fe41b41ea607'
  ),
  (
    'c3ba37f2-ff9a-4657-b36f-284c2ef233f5',
    'c182d594-8e76-4eb4-9c80-71c3cf43c498',
    'AA',
    47,
    0,
    '12c14551-0860-44d3-a0b0-8946c5024373'
  ),
  (
    'c3e3ddb5-dc6e-42b7-8087-6d9e54517bef',
    'c182d594-8e76-4eb4-9c80-71c3cf43c498',
    'H',
    37,
    0,
    '12c14551-0860-44d3-a0b0-8946c5024373'
  ),
  (
    'c448ae5c-9310-41f8-aac2-493b6bd5c050',
    'c182d594-8e76-4eb4-9c80-71c3cf43c498',
    'H',
    38,
    0,
    '12c14551-0860-44d3-a0b0-8946c5024373'
  ),
  (
    'c4563d16-5a99-4e09-bf74-ee0ca7ead872',
    'c182d594-8e76-4eb4-9c80-71c3cf43c498',
    'H',
    18,
    0,
    '12c14551-0860-44d3-a0b0-8946c5024373'
  ),
  (
    'c46396c8-790c-4f4d-b1c0-86682fcfe52d',
    'c182d594-8e76-4eb4-9c80-71c3cf43c498',
    'DD',
    16,
    0,
    '12c14551-0860-44d3-a0b0-8946c5024373'
  ),
  (
    'c50cd35a-b215-4296-a637-e55163d8d1f8',
    'c182d594-8e76-4eb4-9c80-71c3cf43c498',
    'E',
    43,
    0,
    'a470bfc5-a348-44c5-8311-17002578460d'
  ),
  (
    'c549e421-755d-48e7-a944-ab0a28f344e6',
    'c182d594-8e76-4eb4-9c80-71c3cf43c498',
    'G',
    6,
    0,
    '12c14551-0860-44d3-a0b0-8946c5024373'
  ),
  (
    'c5aa7908-3421-4343-a05d-6fa9e96f0bde',
    'c182d594-8e76-4eb4-9c80-71c3cf43c498',
    'F',
    12,
    0,
    '12c14551-0860-44d3-a0b0-8946c5024373'
  ),
  (
    'c5d486d1-df17-4eb0-987b-f3fcb7fd5033',
    'c182d594-8e76-4eb4-9c80-71c3cf43c498',
    'BB',
    41,
    0,
    '12c14551-0860-44d3-a0b0-8946c5024373'
  ),
  (
    'c61b9399-7b62-4954-a5b0-552af586e8b3',
    'c182d594-8e76-4eb4-9c80-71c3cf43c498',
    'DD',
    40,
    0,
    '12c14551-0860-44d3-a0b0-8946c5024373'
  ),
  (
    'c6292f06-c4d8-4813-8c55-5007d401806e',
    'c182d594-8e76-4eb4-9c80-71c3cf43c498',
    'D',
    39,
    0,
    '1a5d7d5c-45ff-4997-bb50-fe41b41ea607'
  ),
  (
    'c6ad8d0d-a575-42e3-901e-d55257ef4df7',
    'c182d594-8e76-4eb4-9c80-71c3cf43c498',
    'J',
    32,
    0,
    '12c14551-0860-44d3-a0b0-8946c5024373'
  ),
  (
    'c7474dd0-1e77-4202-8b19-62c77b1a6239',
    'c182d594-8e76-4eb4-9c80-71c3cf43c498',
    'C',
    24,
    0,
    '1a5d7d5c-45ff-4997-bb50-fe41b41ea607'
  ),
  (
    'c7500d49-4c05-428c-b8fe-4a3c8e5086d7',
    'c182d594-8e76-4eb4-9c80-71c3cf43c498',
    'DD',
    29,
    0,
    '12c14551-0860-44d3-a0b0-8946c5024373'
  ),
  (
    'c7d0218e-d2e5-45e4-af3b-4b44f11eafe1',
    'c182d594-8e76-4eb4-9c80-71c3cf43c498',
    'L',
    40,
    0,
    '12c14551-0860-44d3-a0b0-8946c5024373'
  ),
  (
    'c818e74b-5847-46a7-bbba-be8e57acd00f',
    'c182d594-8e76-4eb4-9c80-71c3cf43c498',
    'B',
    42,
    0,
    '1a5d7d5c-45ff-4997-bb50-fe41b41ea607'
  ),
  (
    'c837b176-750a-45e0-83dd-611e6c0f184e',
    'c182d594-8e76-4eb4-9c80-71c3cf43c498',
    'H',
    1,
    0,
    '12c14551-0860-44d3-a0b0-8946c5024373'
  ),
  (
    'c8512f86-2e78-483b-a1dd-dd7e16af73b3',
    'c182d594-8e76-4eb4-9c80-71c3cf43c498',
    'BB',
    34,
    0,
    '12c14551-0860-44d3-a0b0-8946c5024373'
  ),
  (
    'c9eb4b33-afb8-46bb-bc03-54f2847c9d32',
    'c182d594-8e76-4eb4-9c80-71c3cf43c498',
    'BB',
    10,
    0,
    '12c14551-0860-44d3-a0b0-8946c5024373'
  ),
  (
    'ca3d0525-9e8b-410a-82a2-1a66a7b0220c',
    'c182d594-8e76-4eb4-9c80-71c3cf43c498',
    'AA',
    28,
    0,
    '12c14551-0860-44d3-a0b0-8946c5024373'
  ),
  (
    'cabfa9b1-798b-4f1d-bbc8-a33f7b687897',
    'c182d594-8e76-4eb4-9c80-71c3cf43c498',
    'G',
    28,
    0,
    '12c14551-0860-44d3-a0b0-8946c5024373'
  ),
  (
    'cb1b65f9-5120-4fa3-8139-a188ae7ca6c6',
    'c182d594-8e76-4eb4-9c80-71c3cf43c498',
    'H',
    9,
    0,
    '12c14551-0860-44d3-a0b0-8946c5024373'
  ),
  (
    'cb32ce0f-fb55-4ad9-81fb-1d636f900be3',
    'c182d594-8e76-4eb4-9c80-71c3cf43c498',
    'BB',
    2,
    0,
    '12c14551-0860-44d3-a0b0-8946c5024373'
  ),
  (
    'cbab385a-ced5-4c06-82ac-a583802b8d97',
    'c182d594-8e76-4eb4-9c80-71c3cf43c498',
    'K',
    41,
    0,
    '12c14551-0860-44d3-a0b0-8946c5024373'
  ),
  (
    'cbdf213a-b1fc-4750-a8e3-b7ebf2941531',
    'c182d594-8e76-4eb4-9c80-71c3cf43c498',
    'J',
    6,
    0,
    '12c14551-0860-44d3-a0b0-8946c5024373'
  ),
  (
    'cc0e90e6-70e4-456e-a3ec-61174c72c926',
    'c182d594-8e76-4eb4-9c80-71c3cf43c498',
    'EE',
    43,
    0,
    '12c14551-0860-44d3-a0b0-8946c5024373'
  ),
  (
    'cc1e944a-cfa4-45ce-9158-dee943d0d1d3',
    'c182d594-8e76-4eb4-9c80-71c3cf43c498',
    'AA',
    30,
    0,
    '12c14551-0860-44d3-a0b0-8946c5024373'
  ),
  (
    'cc36518c-ad25-477b-b1b8-aa055f5b2e2a',
    'c182d594-8e76-4eb4-9c80-71c3cf43c498',
    'H',
    5,
    0,
    '12c14551-0860-44d3-a0b0-8946c5024373'
  ),
  (
    'ccc78693-03ec-4c4d-b214-42edda1d4f3b',
    'c182d594-8e76-4eb4-9c80-71c3cf43c498',
    'EE',
    48,
    0,
    '12c14551-0860-44d3-a0b0-8946c5024373'
  ),
  (
    'ccec2328-efdf-42fd-977a-e00eabe923d0',
    'c182d594-8e76-4eb4-9c80-71c3cf43c498',
    'DD',
    7,
    0,
    '12c14551-0860-44d3-a0b0-8946c5024373'
  ),
  (
    'cd12ed8e-82e5-496b-844e-72ad394a44d9',
    'c182d594-8e76-4eb4-9c80-71c3cf43c498',
    'D',
    9,
    0,
    '1a5d7d5c-45ff-4997-bb50-fe41b41ea607'
  ),
  (
    'cdb0160b-19d3-425b-8150-676e59f3a744',
    'c182d594-8e76-4eb4-9c80-71c3cf43c498',
    'A',
    36,
    0,
    '14fee2dc-abb2-4630-be5a-324fe4e85fae'
  ),
  (
    'ce5f31e1-2f68-4be7-acae-08267711ce06',
    'c182d594-8e76-4eb4-9c80-71c3cf43c498',
    'CC',
    1,
    0,
    '12c14551-0860-44d3-a0b0-8946c5024373'
  ),
  (
    'ce610d2d-85a0-4774-9a8b-2cdd9286f089',
    'c182d594-8e76-4eb4-9c80-71c3cf43c498',
    'BB',
    47,
    0,
    '12c14551-0860-44d3-a0b0-8946c5024373'
  ),
  (
    'cef1d2a8-2301-442e-b96e-763d52162dd7',
    'c182d594-8e76-4eb4-9c80-71c3cf43c498',
    'L',
    3,
    0,
    '12c14551-0860-44d3-a0b0-8946c5024373'
  ),
  (
    'cefe3f5a-4d57-49f1-a29c-8459854ad110',
    'c182d594-8e76-4eb4-9c80-71c3cf43c498',
    'A',
    31,
    0,
    '14fee2dc-abb2-4630-be5a-324fe4e85fae'
  ),
  (
    'cf0cd1c9-530a-4137-b48c-569767ca0b45',
    'c182d594-8e76-4eb4-9c80-71c3cf43c498',
    'C',
    26,
    0,
    '1a5d7d5c-45ff-4997-bb50-fe41b41ea607'
  ),
  (
    'cf1caece-7d7c-49ec-abdb-d877d22d3f14',
    'c182d594-8e76-4eb4-9c80-71c3cf43c498',
    'A',
    40,
    0,
    '14fee2dc-abb2-4630-be5a-324fe4e85fae'
  ),
  (
    'cf504d88-5ca6-4996-ad4a-09510792d3e5',
    'c182d594-8e76-4eb4-9c80-71c3cf43c498',
    'AA',
    43,
    0,
    '12c14551-0860-44d3-a0b0-8946c5024373'
  ),
  (
    'cf5a2858-5c41-4523-8fc1-466bf93f747e',
    'c182d594-8e76-4eb4-9c80-71c3cf43c498',
    'G',
    26,
    0,
    '12c14551-0860-44d3-a0b0-8946c5024373'
  ),
  (
    'cf91b244-71a8-4d35-b6c3-e3f26b40a2e5',
    'c182d594-8e76-4eb4-9c80-71c3cf43c498',
    'EE',
    17,
    0,
    '12c14551-0860-44d3-a0b0-8946c5024373'
  ),
  (
    'cfaf3551-b6d1-46b6-b1cc-9a628e66ddaa',
    'c182d594-8e76-4eb4-9c80-71c3cf43c498',
    'E',
    19,
    0,
    'a470bfc5-a348-44c5-8311-17002578460d'
  ),
  (
    'd0687b7c-b78f-4bd4-907e-bf0908938bf1',
    'c182d594-8e76-4eb4-9c80-71c3cf43c498',
    'AA',
    10,
    0,
    '12c14551-0860-44d3-a0b0-8946c5024373'
  ),
  (
    'd08a1d0f-37cc-478f-8dc2-0250383d9ed0',
    'c182d594-8e76-4eb4-9c80-71c3cf43c498',
    'EE',
    3,
    0,
    '12c14551-0860-44d3-a0b0-8946c5024373'
  ),
  (
    'd0bbe5a7-0b95-4a18-9ee5-9b303ed351fc',
    'c182d594-8e76-4eb4-9c80-71c3cf43c498',
    'AA',
    39,
    0,
    '12c14551-0860-44d3-a0b0-8946c5024373'
  ),
  (
    'd1093d0e-348e-48bd-b1c2-66c6d4fdda77',
    'c182d594-8e76-4eb4-9c80-71c3cf43c498',
    'D',
    23,
    0,
    '1a5d7d5c-45ff-4997-bb50-fe41b41ea607'
  ),
  (
    'd19e4d24-bacd-49a0-8347-28bb991406b7',
    'c182d594-8e76-4eb4-9c80-71c3cf43c498',
    'B',
    9,
    0,
    '1a5d7d5c-45ff-4997-bb50-fe41b41ea607'
  ),
  (
    'd2d09046-d253-4816-9df1-bce1a60c1428',
    'c182d594-8e76-4eb4-9c80-71c3cf43c498',
    'AA',
    22,
    0,
    '12c14551-0860-44d3-a0b0-8946c5024373'
  ),
  (
    'd2d41ee2-ccfe-4cac-bb56-88128b0cc633',
    'c182d594-8e76-4eb4-9c80-71c3cf43c498',
    'EE',
    2,
    0,
    '12c14551-0860-44d3-a0b0-8946c5024373'
  ),
  (
    'd2e59b53-e0a7-4eea-ab9b-3a44bd8d34f7',
    'c182d594-8e76-4eb4-9c80-71c3cf43c498',
    'E',
    47,
    0,
    'a470bfc5-a348-44c5-8311-17002578460d'
  ),
  (
    'd3262f8a-afc1-4ff2-a733-c2d5c9048e7f',
    'c182d594-8e76-4eb4-9c80-71c3cf43c498',
    'K',
    23,
    0,
    '12c14551-0860-44d3-a0b0-8946c5024373'
  ),
  (
    'd3b1170b-7e45-4a97-9af3-cd2347dbc375',
    'c182d594-8e76-4eb4-9c80-71c3cf43c498',
    'D',
    20,
    0,
    '1a5d7d5c-45ff-4997-bb50-fe41b41ea607'
  ),
  (
    'd3d50fa1-03ff-4590-b02a-fa349c07d67b',
    'c182d594-8e76-4eb4-9c80-71c3cf43c498',
    'EE',
    12,
    0,
    '12c14551-0860-44d3-a0b0-8946c5024373'
  ),
  (
    'd4807a5f-60d8-4411-a6fc-1d37573e73bc',
    'c182d594-8e76-4eb4-9c80-71c3cf43c498',
    'F',
    39,
    0,
    '12c14551-0860-44d3-a0b0-8946c5024373'
  ),
  (
    'd4c16a6d-eb5d-498c-b4bb-0d2fb5d0b8f8',
    'c182d594-8e76-4eb4-9c80-71c3cf43c498',
    'D',
    43,
    0,
    '1a5d7d5c-45ff-4997-bb50-fe41b41ea607'
  ),
  (
    'd4c5ffd0-4b82-4157-bf67-53b7809af37f',
    'c182d594-8e76-4eb4-9c80-71c3cf43c498',
    'C',
    29,
    0,
    '1a5d7d5c-45ff-4997-bb50-fe41b41ea607'
  ),
  (
    'd506fd77-a2d6-4d6d-bdc7-7e87e2ab2b31',
    'c182d594-8e76-4eb4-9c80-71c3cf43c498',
    'BB',
    25,
    0,
    '12c14551-0860-44d3-a0b0-8946c5024373'
  ),
  (
    'd515c042-0529-4157-b383-760291497c2f',
    'c182d594-8e76-4eb4-9c80-71c3cf43c498',
    'AA',
    49,
    0,
    '12c14551-0860-44d3-a0b0-8946c5024373'
  ),
  (
    'd60edce1-d378-4e16-8ac6-ee0666e71df2',
    'c182d594-8e76-4eb4-9c80-71c3cf43c498',
    'EE',
    18,
    0,
    '12c14551-0860-44d3-a0b0-8946c5024373'
  ),
  (
    'd661f3d5-4953-490f-8633-047a76b339d0',
    'c182d594-8e76-4eb4-9c80-71c3cf43c498',
    'DD',
    45,
    0,
    '12c14551-0860-44d3-a0b0-8946c5024373'
  ),
  (
    'd8a5a73a-2330-4286-9912-899836717000',
    'c182d594-8e76-4eb4-9c80-71c3cf43c498',
    'BB',
    7,
    0,
    '12c14551-0860-44d3-a0b0-8946c5024373'
  ),
  (
    'd8deabe7-f361-4f0b-8ccd-799dd1a0e3ca',
    'c182d594-8e76-4eb4-9c80-71c3cf43c498',
    'AA',
    4,
    0,
    '12c14551-0860-44d3-a0b0-8946c5024373'
  ),
  (
    'd93e180d-2ac5-4e96-9f13-d4da224371ca',
    'c182d594-8e76-4eb4-9c80-71c3cf43c498',
    'L',
    4,
    0,
    '12c14551-0860-44d3-a0b0-8946c5024373'
  ),
  (
    'd9cc30c0-0080-4e31-be3a-35776079b955',
    'c182d594-8e76-4eb4-9c80-71c3cf43c498',
    'BB',
    36,
    0,
    '12c14551-0860-44d3-a0b0-8946c5024373'
  ),
  (
    'da0f3428-ef34-4af2-8d70-125fea48c7d9',
    'c182d594-8e76-4eb4-9c80-71c3cf43c498',
    'D',
    40,
    0,
    '1a5d7d5c-45ff-4997-bb50-fe41b41ea607'
  ),
  (
    'daa8b3c7-17c8-4f31-adac-78c4c17685d6',
    'c182d594-8e76-4eb4-9c80-71c3cf43c498',
    'E',
    22,
    0,
    'a470bfc5-a348-44c5-8311-17002578460d'
  ),
  (
    'db031566-1665-4476-adee-1787bc611d94',
    'c182d594-8e76-4eb4-9c80-71c3cf43c498',
    'BB',
    44,
    0,
    '12c14551-0860-44d3-a0b0-8946c5024373'
  ),
  (
    'db3656a6-5fab-448d-81ca-b8b456247e5a',
    'c182d594-8e76-4eb4-9c80-71c3cf43c498',
    'C',
    40,
    0,
    '1a5d7d5c-45ff-4997-bb50-fe41b41ea607'
  ),
  (
    'db4cf05d-e476-4482-aa93-50a3edc49902',
    'c182d594-8e76-4eb4-9c80-71c3cf43c498',
    'DD',
    15,
    0,
    '12c14551-0860-44d3-a0b0-8946c5024373'
  ),
  (
    'dba46df7-3823-426b-b518-875903a974e7',
    'c182d594-8e76-4eb4-9c80-71c3cf43c498',
    'DD',
    43,
    0,
    '12c14551-0860-44d3-a0b0-8946c5024373'
  ),
  (
    'dbb7e02e-8244-40fa-ac0a-3ae822372d75',
    'c182d594-8e76-4eb4-9c80-71c3cf43c498',
    'D',
    10,
    0,
    '1a5d7d5c-45ff-4997-bb50-fe41b41ea607'
  ),
  (
    'dbd2cf1a-ddcf-4ff2-aec3-9f9084a24c14',
    'c182d594-8e76-4eb4-9c80-71c3cf43c498',
    'A',
    37,
    0,
    '14fee2dc-abb2-4630-be5a-324fe4e85fae'
  ),
  (
    'dc603fbe-ac58-4154-8384-bee816302f66',
    'c182d594-8e76-4eb4-9c80-71c3cf43c498',
    'F',
    46,
    0,
    '12c14551-0860-44d3-a0b0-8946c5024373'
  ),
  (
    'dccbc977-4476-4ab5-a6b7-565ab30be332',
    'c182d594-8e76-4eb4-9c80-71c3cf43c498',
    'DD',
    35,
    0,
    '12c14551-0860-44d3-a0b0-8946c5024373'
  ),
  (
    'dd40c365-805d-46b4-a844-9f19a3336afe',
    'c182d594-8e76-4eb4-9c80-71c3cf43c498',
    'F',
    1,
    0,
    'a470bfc5-a348-44c5-8311-17002578460d'
  ),
  (
    'ddba480d-20d6-4504-89d4-e8d31911749c',
    'c182d594-8e76-4eb4-9c80-71c3cf43c498',
    'H',
    26,
    0,
    '12c14551-0860-44d3-a0b0-8946c5024373'
  ),
  (
    'de7a0651-d67a-48b9-8232-9d6a6e7f2e2d',
    'c182d594-8e76-4eb4-9c80-71c3cf43c498',
    'EE',
    27,
    0,
    '12c14551-0860-44d3-a0b0-8946c5024373'
  ),
  (
    'de8da0b8-15a5-4d06-92c0-b2ceba760151',
    'c182d594-8e76-4eb4-9c80-71c3cf43c498',
    'C',
    31,
    0,
    '1a5d7d5c-45ff-4997-bb50-fe41b41ea607'
  ),
  (
    'defee326-790c-4af6-9d90-6a87e6f5d4df',
    'c182d594-8e76-4eb4-9c80-71c3cf43c498',
    'CC',
    29,
    0,
    '12c14551-0860-44d3-a0b0-8946c5024373'
  ),
  (
    'df0e2ba8-aa94-4e6c-beee-5bb80f29f263',
    'c182d594-8e76-4eb4-9c80-71c3cf43c498',
    'C',
    19,
    0,
    '1a5d7d5c-45ff-4997-bb50-fe41b41ea607'
  ),
  (
    'df34b969-b9cb-410c-897b-45cf8e56c51c',
    'c182d594-8e76-4eb4-9c80-71c3cf43c498',
    'B',
    40,
    0,
    '1a5d7d5c-45ff-4997-bb50-fe41b41ea607'
  ),
  (
    'dfc4227c-34db-48ab-a427-75146152d78c',
    'c182d594-8e76-4eb4-9c80-71c3cf43c498',
    'C',
    44,
    0,
    '1a5d7d5c-45ff-4997-bb50-fe41b41ea607'
  ),
  (
    'dfcb754c-683c-421b-bd0b-a8e0777e036b',
    'c182d594-8e76-4eb4-9c80-71c3cf43c498',
    'H',
    30,
    0,
    '12c14551-0860-44d3-a0b0-8946c5024373'
  ),
  (
    'dfd25775-5b2e-4fea-a0bc-2c76044e15c8',
    'c182d594-8e76-4eb4-9c80-71c3cf43c498',
    'E',
    31,
    0,
    'a470bfc5-a348-44c5-8311-17002578460d'
  ),
  (
    'e01d1897-f394-4a81-a732-b68dcd18107b',
    'c182d594-8e76-4eb4-9c80-71c3cf43c498',
    'E',
    26,
    0,
    'a470bfc5-a348-44c5-8311-17002578460d'
  ),
  (
    'e02d61b6-fe40-4058-b4c3-dc29c84a2622',
    'c182d594-8e76-4eb4-9c80-71c3cf43c498',
    'CC',
    6,
    0,
    '12c14551-0860-44d3-a0b0-8946c5024373'
  ),
  (
    'e0362b36-7cf4-4373-afe2-f33c2b81f826',
    'c182d594-8e76-4eb4-9c80-71c3cf43c498',
    'K',
    7,
    0,
    '12c14551-0860-44d3-a0b0-8946c5024373'
  ),
  (
    'e047c755-2038-4ba3-8697-03c730902402',
    'c182d594-8e76-4eb4-9c80-71c3cf43c498',
    'BB',
    19,
    0,
    '12c14551-0860-44d3-a0b0-8946c5024373'
  ),
  (
    'e0ca6251-e9fa-4bea-a388-37f7da11c640',
    'c182d594-8e76-4eb4-9c80-71c3cf43c498',
    'AA',
    41,
    0,
    '12c14551-0860-44d3-a0b0-8946c5024373'
  ),
  (
    'e101b7e6-3fda-4fbb-b6f9-42db264870b9',
    'c182d594-8e76-4eb4-9c80-71c3cf43c498',
    'AA',
    40,
    0,
    '12c14551-0860-44d3-a0b0-8946c5024373'
  ),
  (
    'e1c3490d-9878-4690-b1f3-8c59bc6ec36a',
    'c182d594-8e76-4eb4-9c80-71c3cf43c498',
    'D',
    3,
    0,
    '1a5d7d5c-45ff-4997-bb50-fe41b41ea607'
  ),
  (
    'e27b776f-291f-472a-945a-a76a5eea610b',
    'c182d594-8e76-4eb4-9c80-71c3cf43c498',
    'AA',
    5,
    0,
    '12c14551-0860-44d3-a0b0-8946c5024373'
  ),
  (
    'e376e7a9-85bd-491c-8034-db9df783e9b6',
    'c182d594-8e76-4eb4-9c80-71c3cf43c498',
    'C',
    23,
    0,
    '1a5d7d5c-45ff-4997-bb50-fe41b41ea607'
  ),
  (
    'e37dfc8b-d94d-494a-a783-3be905de69c8',
    'c182d594-8e76-4eb4-9c80-71c3cf43c498',
    'CC',
    48,
    0,
    '12c14551-0860-44d3-a0b0-8946c5024373'
  ),
  (
    'e4109b7f-a4c2-4408-ad7f-970d9946ba41',
    'c182d594-8e76-4eb4-9c80-71c3cf43c498',
    'J',
    43,
    0,
    '12c14551-0860-44d3-a0b0-8946c5024373'
  ),
  (
    'e4583bb9-b9a5-485d-8c36-154bdd90cc3b',
    'c182d594-8e76-4eb4-9c80-71c3cf43c498',
    'D',
    15,
    0,
    '1a5d7d5c-45ff-4997-bb50-fe41b41ea607'
  ),
  (
    'e4675bdf-eb7f-455f-bc01-24ac2fcf2623',
    'c182d594-8e76-4eb4-9c80-71c3cf43c498',
    'C',
    22,
    0,
    '1a5d7d5c-45ff-4997-bb50-fe41b41ea607'
  ),
  (
    'e46b9b70-4d41-48e2-9929-de821ffa2baf',
    'c182d594-8e76-4eb4-9c80-71c3cf43c498',
    'H',
    43,
    0,
    '12c14551-0860-44d3-a0b0-8946c5024373'
  ),
  (
    'e4f37165-ff5c-43cf-a16f-19ce7d93cd72',
    'c182d594-8e76-4eb4-9c80-71c3cf43c498',
    'F',
    19,
    0,
    '12c14551-0860-44d3-a0b0-8946c5024373'
  ),
  (
    'e4fd4832-5f91-487a-a845-3bcccf5fdabf',
    'c182d594-8e76-4eb4-9c80-71c3cf43c498',
    'H',
    8,
    0,
    '12c14551-0860-44d3-a0b0-8946c5024373'
  ),
  (
    'e54cc8b4-7631-460a-8ccc-7071104dc626',
    'c182d594-8e76-4eb4-9c80-71c3cf43c498',
    'G',
    3,
    0,
    '12c14551-0860-44d3-a0b0-8946c5024373'
  ),
  (
    'e5c3fb32-82c2-470d-bfc5-d36a34e8c14c',
    'c182d594-8e76-4eb4-9c80-71c3cf43c498',
    'J',
    42,
    0,
    '12c14551-0860-44d3-a0b0-8946c5024373'
  ),
  (
    'e6237053-1ca7-459f-9a58-555f7eba5455',
    'c182d594-8e76-4eb4-9c80-71c3cf43c498',
    'G',
    38,
    0,
    '12c14551-0860-44d3-a0b0-8946c5024373'
  ),
  (
    'e732985d-60a0-4b80-ab86-ec7e77a95edf',
    'c182d594-8e76-4eb4-9c80-71c3cf43c498',
    'G',
    47,
    0,
    '12c14551-0860-44d3-a0b0-8946c5024373'
  ),
  (
    'e761e5b0-7beb-4f64-8ab4-2149c30348e0',
    'c182d594-8e76-4eb4-9c80-71c3cf43c498',
    'C',
    42,
    0,
    '1a5d7d5c-45ff-4997-bb50-fe41b41ea607'
  ),
  (
    'e7c2ad85-d488-445d-aefa-6759358cc496',
    'c182d594-8e76-4eb4-9c80-71c3cf43c498',
    'K',
    15,
    0,
    '12c14551-0860-44d3-a0b0-8946c5024373'
  ),
  (
    'e7c95472-0b95-4eed-8620-cb258c069014',
    'c182d594-8e76-4eb4-9c80-71c3cf43c498',
    'L',
    21,
    0,
    '12c14551-0860-44d3-a0b0-8946c5024373'
  ),
  (
    'e7d21bb9-5a70-4d1c-a73a-1f5212275d90',
    'c182d594-8e76-4eb4-9c80-71c3cf43c498',
    'F',
    30,
    0,
    '12c14551-0860-44d3-a0b0-8946c5024373'
  ),
  (
    'e864102d-8eca-4dab-8384-20438a3fbda1',
    'c182d594-8e76-4eb4-9c80-71c3cf43c498',
    'A',
    6,
    0,
    '14fee2dc-abb2-4630-be5a-324fe4e85fae'
  ),
  (
    'e87c2924-d8cc-4f4c-913b-5ff4cd060652',
    'c182d594-8e76-4eb4-9c80-71c3cf43c498',
    'EE',
    5,
    0,
    '12c14551-0860-44d3-a0b0-8946c5024373'
  ),
  (
    'e8a86ce7-f635-4dd7-9c59-8844eb0b9d5d',
    'c182d594-8e76-4eb4-9c80-71c3cf43c498',
    'G',
    40,
    0,
    '12c14551-0860-44d3-a0b0-8946c5024373'
  ),
  (
    'e9bec0c6-139b-47b7-a861-1b1dc0403751',
    'c182d594-8e76-4eb4-9c80-71c3cf43c498',
    'DD',
    49,
    0,
    '12c14551-0860-44d3-a0b0-8946c5024373'
  ),
  (
    'ea323a5c-e095-4a42-a9b3-02f28bdedc25',
    'c182d594-8e76-4eb4-9c80-71c3cf43c498',
    'K',
    40,
    0,
    '12c14551-0860-44d3-a0b0-8946c5024373'
  ),
  (
    'eac9804c-eb07-46e2-83db-89e5a2608951',
    'c182d594-8e76-4eb4-9c80-71c3cf43c498',
    'BB',
    4,
    0,
    '12c14551-0860-44d3-a0b0-8946c5024373'
  ),
  (
    'eb26c6c8-43c7-48c4-b894-3a34c22cb36f',
    'c182d594-8e76-4eb4-9c80-71c3cf43c498',
    'E',
    38,
    0,
    'a470bfc5-a348-44c5-8311-17002578460d'
  ),
  (
    'eb50e5d4-bea4-4ccd-88ab-19ab2d498a38',
    'c182d594-8e76-4eb4-9c80-71c3cf43c498',
    'DD',
    8,
    0,
    '12c14551-0860-44d3-a0b0-8946c5024373'
  ),
  (
    'ebc01c56-ff65-447f-9a88-431da2a9d67b',
    'c182d594-8e76-4eb4-9c80-71c3cf43c498',
    'A',
    7,
    0,
    '14fee2dc-abb2-4630-be5a-324fe4e85fae'
  ),
  (
    'ec17aac0-3ec9-4bb2-95f1-89fef52a728f',
    'c182d594-8e76-4eb4-9c80-71c3cf43c498',
    'H',
    45,
    0,
    '12c14551-0860-44d3-a0b0-8946c5024373'
  ),
  (
    'ec4a48ef-33e2-4f41-bf39-afb74a4f60bb',
    'c182d594-8e76-4eb4-9c80-71c3cf43c498',
    'H',
    25,
    0,
    '12c14551-0860-44d3-a0b0-8946c5024373'
  ),
  (
    'ec8159fb-f2cc-41e8-be00-83e07db72994',
    'c182d594-8e76-4eb4-9c80-71c3cf43c498',
    'CC',
    36,
    0,
    '12c14551-0860-44d3-a0b0-8946c5024373'
  ),
  (
    'ed30b94f-af1b-414c-bdb8-0612acbeae4d',
    'c182d594-8e76-4eb4-9c80-71c3cf43c498',
    'K',
    21,
    0,
    '12c14551-0860-44d3-a0b0-8946c5024373'
  ),
  (
    'ed39acf7-080b-471c-902d-b3850a373c05',
    'c182d594-8e76-4eb4-9c80-71c3cf43c498',
    'C',
    21,
    0,
    '1a5d7d5c-45ff-4997-bb50-fe41b41ea607'
  ),
  (
    'ed428d9c-ea20-4a4a-bf3b-74e674116ff0',
    'c182d594-8e76-4eb4-9c80-71c3cf43c498',
    'BB',
    3,
    0,
    '12c14551-0860-44d3-a0b0-8946c5024373'
  ),
  (
    'edece39d-3f3d-4558-90bb-4ad3a64a786e',
    'c182d594-8e76-4eb4-9c80-71c3cf43c498',
    'BB',
    38,
    0,
    '12c14551-0860-44d3-a0b0-8946c5024373'
  ),
  (
    'ee18d1d0-cb0c-4279-b5fe-5408f678fa5c',
    'c182d594-8e76-4eb4-9c80-71c3cf43c498',
    'F',
    40,
    0,
    '12c14551-0860-44d3-a0b0-8946c5024373'
  ),
  (
    'ee1efc1c-0708-4198-a33f-96675fa067a1',
    'c182d594-8e76-4eb4-9c80-71c3cf43c498',
    'BB',
    30,
    0,
    '12c14551-0860-44d3-a0b0-8946c5024373'
  ),
  (
    'ee4a3713-52ad-4316-aacb-93eae5e08695',
    'c182d594-8e76-4eb4-9c80-71c3cf43c498',
    'B',
    18,
    0,
    '1a5d7d5c-45ff-4997-bb50-fe41b41ea607'
  ),
  (
    'eedaab8a-e27c-4a00-9418-a6d648fbd849',
    'c182d594-8e76-4eb4-9c80-71c3cf43c498',
    'J',
    15,
    0,
    '12c14551-0860-44d3-a0b0-8946c5024373'
  ),
  (
    'eee3af4d-8951-4796-a46e-f44dfdc5ba09',
    'c182d594-8e76-4eb4-9c80-71c3cf43c498',
    'DD',
    20,
    0,
    '12c14551-0860-44d3-a0b0-8946c5024373'
  ),
  (
    'ef144f83-db02-4118-b5a5-41fa2c93c183',
    'c182d594-8e76-4eb4-9c80-71c3cf43c498',
    'BB',
    40,
    0,
    '12c14551-0860-44d3-a0b0-8946c5024373'
  ),
  (
    'efbb8c0e-d233-4af1-b22f-940b0b543ab7',
    'c182d594-8e76-4eb4-9c80-71c3cf43c498',
    'B',
    29,
    0,
    '1a5d7d5c-45ff-4997-bb50-fe41b41ea607'
  ),
  (
    'efc9549a-f38b-4a56-8c7a-723f54e9d805',
    'c182d594-8e76-4eb4-9c80-71c3cf43c498',
    'CC',
    27,
    0,
    '12c14551-0860-44d3-a0b0-8946c5024373'
  ),
  (
    'f02aa85b-8a67-4657-8225-e34c28e9c2f9',
    'c182d594-8e76-4eb4-9c80-71c3cf43c498',
    'H',
    36,
    0,
    '12c14551-0860-44d3-a0b0-8946c5024373'
  ),
  (
    'f06b6979-e4ab-40c3-9ae3-6db7fd2ae2d3',
    'c182d594-8e76-4eb4-9c80-71c3cf43c498',
    'F',
    36,
    0,
    '12c14551-0860-44d3-a0b0-8946c5024373'
  ),
  (
    'f0f53953-cc48-4504-8a8b-3aefd1af97a5',
    'c182d594-8e76-4eb4-9c80-71c3cf43c498',
    'CC',
    18,
    0,
    '12c14551-0860-44d3-a0b0-8946c5024373'
  ),
  (
    'f1367f80-7a04-400d-b528-e34bbcc12384',
    'c182d594-8e76-4eb4-9c80-71c3cf43c498',
    'EE',
    39,
    0,
    '12c14551-0860-44d3-a0b0-8946c5024373'
  ),
  (
    'f1ae27ea-21b3-42c7-9719-a4c3f33eb94a',
    'c182d594-8e76-4eb4-9c80-71c3cf43c498',
    'DD',
    18,
    0,
    '12c14551-0860-44d3-a0b0-8946c5024373'
  ),
  (
    'f1cd68e6-5f9e-4a75-91d6-9c1340c527b6',
    'c182d594-8e76-4eb4-9c80-71c3cf43c498',
    'BB',
    9,
    0,
    '12c14551-0860-44d3-a0b0-8946c5024373'
  ),
  (
    'f1f4cc61-ddb3-4c0b-90d6-911232b0b068',
    'c182d594-8e76-4eb4-9c80-71c3cf43c498',
    'F',
    37,
    0,
    '12c14551-0860-44d3-a0b0-8946c5024373'
  ),
  (
    'f206f227-c857-4ffd-bf1f-9ed52a92fafc',
    'c182d594-8e76-4eb4-9c80-71c3cf43c498',
    'BB',
    22,
    0,
    '12c14551-0860-44d3-a0b0-8946c5024373'
  ),
  (
    'f2a64dd6-b959-41e3-b100-436cdd311511',
    'c182d594-8e76-4eb4-9c80-71c3cf43c498',
    'DD',
    31,
    0,
    '12c14551-0860-44d3-a0b0-8946c5024373'
  ),
  (
    'f2ac71d9-2ecb-45dd-812a-da0762aa321a',
    'c182d594-8e76-4eb4-9c80-71c3cf43c498',
    'AA',
    48,
    0,
    '12c14551-0860-44d3-a0b0-8946c5024373'
  ),
  (
    'f30baebe-1b7c-4c02-90b6-211951d8aab6',
    'c182d594-8e76-4eb4-9c80-71c3cf43c498',
    'CC',
    43,
    0,
    '12c14551-0860-44d3-a0b0-8946c5024373'
  ),
  (
    'f337ae6e-2a5e-43d1-b613-e1b4f88e862d',
    'c182d594-8e76-4eb4-9c80-71c3cf43c498',
    'BB',
    31,
    0,
    '12c14551-0860-44d3-a0b0-8946c5024373'
  ),
  (
    'f3652664-718f-4e16-98c5-7c4dd18ea937',
    'c182d594-8e76-4eb4-9c80-71c3cf43c498',
    'E',
    5,
    0,
    'a470bfc5-a348-44c5-8311-17002578460d'
  ),
  (
    'f50766a1-7170-4fc0-aaf4-d54bfa74220f',
    'c182d594-8e76-4eb4-9c80-71c3cf43c498',
    'C',
    32,
    0,
    '1a5d7d5c-45ff-4997-bb50-fe41b41ea607'
  ),
  (
    'f525b702-2dd3-4d44-b159-b9b4ec23e926',
    'c182d594-8e76-4eb4-9c80-71c3cf43c498',
    'A',
    8,
    0,
    '14fee2dc-abb2-4630-be5a-324fe4e85fae'
  ),
  (
    'f5417b4d-664a-410f-8178-5af53b43db63',
    'c182d594-8e76-4eb4-9c80-71c3cf43c498',
    'EE',
    1,
    0,
    '12c14551-0860-44d3-a0b0-8946c5024373'
  ),
  (
    'f5b6d3ee-bf1f-4222-8aae-3f44cd389513',
    'c182d594-8e76-4eb4-9c80-71c3cf43c498',
    'EE',
    37,
    0,
    '12c14551-0860-44d3-a0b0-8946c5024373'
  ),
  (
    'f6549eaf-7135-44c5-9bd6-aba012b181a2',
    'c182d594-8e76-4eb4-9c80-71c3cf43c498',
    'L',
    19,
    0,
    '12c14551-0860-44d3-a0b0-8946c5024373'
  ),
  (
    'f6d0b5b5-9dd2-46ce-ba2f-35671c4d2c78',
    'c182d594-8e76-4eb4-9c80-71c3cf43c498',
    'EE',
    42,
    0,
    '12c14551-0860-44d3-a0b0-8946c5024373'
  ),
  (
    'f79660be-315c-4c8c-ba99-4e7a2ce4ae21',
    'c182d594-8e76-4eb4-9c80-71c3cf43c498',
    'H',
    32,
    0,
    '12c14551-0860-44d3-a0b0-8946c5024373'
  ),
  (
    'f918e3fe-8299-4bc8-8c52-b02512b160c0',
    'c182d594-8e76-4eb4-9c80-71c3cf43c498',
    'A',
    24,
    1,
    '14fee2dc-abb2-4630-be5a-324fe4e85fae'
  ),
  (
    'f9c06082-5f55-464f-9098-2a927f668e17',
    'c182d594-8e76-4eb4-9c80-71c3cf43c498',
    'CC',
    39,
    0,
    '12c14551-0860-44d3-a0b0-8946c5024373'
  ),
  (
    'f9ea648b-423d-4e2c-ae79-872ccd2a877e',
    'c182d594-8e76-4eb4-9c80-71c3cf43c498',
    'E',
    1,
    0,
    'a470bfc5-a348-44c5-8311-17002578460d'
  ),
  (
    'fa1d88d9-abcd-4ea2-aef2-248cc9190099',
    'c182d594-8e76-4eb4-9c80-71c3cf43c498',
    'C',
    38,
    0,
    '1a5d7d5c-45ff-4997-bb50-fe41b41ea607'
  ),
  (
    'faa7b2b9-9211-4d09-b6dc-ebe3745cb092',
    'c182d594-8e76-4eb4-9c80-71c3cf43c498',
    'E',
    37,
    0,
    'a470bfc5-a348-44c5-8311-17002578460d'
  ),
  (
    'fab0788f-f244-42d9-9f39-5e4a8057b9b7',
    'c182d594-8e76-4eb4-9c80-71c3cf43c498',
    'E',
    28,
    0,
    'a470bfc5-a348-44c5-8311-17002578460d'
  ),
  (
    'facafd84-1d6f-4ffe-b565-05f08d0d763f',
    'c182d594-8e76-4eb4-9c80-71c3cf43c498',
    'BB',
    11,
    0,
    '12c14551-0860-44d3-a0b0-8946c5024373'
  ),
  (
    'fae41a1d-75e0-4d72-84b0-2bfb8ff4c7e7',
    'c182d594-8e76-4eb4-9c80-71c3cf43c498',
    'CC',
    25,
    0,
    '12c14551-0860-44d3-a0b0-8946c5024373'
  ),
  (
    'fb60f0c3-928b-43cb-82d0-709511114bf1',
    'c182d594-8e76-4eb4-9c80-71c3cf43c498',
    'H',
    22,
    0,
    '12c14551-0860-44d3-a0b0-8946c5024373'
  ),
  (
    'fb66841e-5331-411c-af05-023f32fdb8bd',
    'c182d594-8e76-4eb4-9c80-71c3cf43c498',
    'EE',
    38,
    0,
    '12c14551-0860-44d3-a0b0-8946c5024373'
  ),
  (
    'fbc81343-c376-4e2c-8a5d-708168dcd172',
    'c182d594-8e76-4eb4-9c80-71c3cf43c498',
    'K',
    6,
    0,
    '12c14551-0860-44d3-a0b0-8946c5024373'
  ),
  (
    'fbc82d75-b183-4f03-b8e8-e98c71c244bd',
    'c182d594-8e76-4eb4-9c80-71c3cf43c498',
    'DD',
    1,
    0,
    '12c14551-0860-44d3-a0b0-8946c5024373'
  ),
  (
    'fbd4f311-53c2-4426-8fee-96e57ae3b025',
    'c182d594-8e76-4eb4-9c80-71c3cf43c498',
    'L',
    23,
    0,
    '12c14551-0860-44d3-a0b0-8946c5024373'
  ),
  (
    'fcae813e-c131-405c-a57b-3268776d84a6',
    'c182d594-8e76-4eb4-9c80-71c3cf43c498',
    'G',
    44,
    0,
    '12c14551-0860-44d3-a0b0-8946c5024373'
  ),
  (
    'fce6d51e-5434-486e-bd0b-60835275990d',
    'c182d594-8e76-4eb4-9c80-71c3cf43c498',
    'C',
    1,
    0,
    '1a5d7d5c-45ff-4997-bb50-fe41b41ea607'
  ),
  (
    'fd3c47b1-75ac-45da-a273-8c1cc0867546',
    'c182d594-8e76-4eb4-9c80-71c3cf43c498',
    'CC',
    7,
    0,
    '12c14551-0860-44d3-a0b0-8946c5024373'
  ),
  (
    'fd5ea876-c232-49bb-afbf-745cab10966b',
    'c182d594-8e76-4eb4-9c80-71c3cf43c498',
    'E',
    9,
    0,
    'a470bfc5-a348-44c5-8311-17002578460d'
  ),
  (
    'fe2b077b-519b-4e34-a460-925ce8a34616',
    'c182d594-8e76-4eb4-9c80-71c3cf43c498',
    'AA',
    8,
    0,
    '12c14551-0860-44d3-a0b0-8946c5024373'
  ),
  (
    'fee60686-bad1-4567-bee7-6c6ce9b33ce3',
    'c182d594-8e76-4eb4-9c80-71c3cf43c498',
    'L',
    38,
    0,
    '12c14551-0860-44d3-a0b0-8946c5024373'
  ),
  (
    'ffd7d413-19e0-43b2-9fc7-29aed03a5327',
    'c182d594-8e76-4eb4-9c80-71c3cf43c498',
    'E',
    39,
    0,
    'a470bfc5-a348-44c5-8311-17002578460d'
  );

-- --------------------------------------------------------
--
-- Table structure for table `ticket_types`
--
CREATE TABLE `ticket_types` (
  `id` char(36) NOT NULL,
  `eventId` char(36) DEFAULT NULL,
  `name` varchar(100) NOT NULL,
  `price` decimal(10, 2) DEFAULT NULL,
  `maxQuantity` int(11) DEFAULT NULL,
  `restrictions` text DEFAULT NULL
) ENGINE = InnoDB DEFAULT CHARSET = utf8mb4 COLLATE = utf8mb4_general_ci;

--
-- Dumping data for table `ticket_types`
--
INSERT INTO
  `ticket_types` (
    `id`,
    `eventId`,
    `name`,
    `price`,
    `maxQuantity`,
    `restrictions`
  )
VALUES
  (
    '12c14551-0860-44d3-a0b0-8946c5024373',
    'c182d594-8e76-4eb4-9c80-71c3cf43c498',
    'normal',
    50.00,
    449,
    ''
  ),
  (
    '14fee2dc-abb2-4630-be5a-324fe4e85fae',
    'c182d594-8e76-4eb4-9c80-71c3cf43c498',
    'VIP',
    300.00,
    35,
    ''
  ),
  (
    '1a5d7d5c-45ff-4997-bb50-fe41b41ea607',
    'c182d594-8e76-4eb4-9c80-71c3cf43c498',
    'General Admission',
    100.00,
    124,
    ''
  ),
  (
    'a470bfc5-a348-44c5-8311-17002578460d',
    'c182d594-8e76-4eb4-9c80-71c3cf43c498',
    'Senior Citizen',
    50.00,
    50,
    ''
  );

-- --------------------------------------------------------
--
-- Table structure for table `user`
--
CREATE TABLE `user` (
  `id` varchar(36) NOT NULL,
  `createdAt` timestamp NOT NULL DEFAULT current_timestamp(),
  `updatedAt` timestamp NOT NULL DEFAULT current_timestamp(),
  `userName` varchar(50) NOT NULL,
  `password` varchar(255) NOT NULL,
  `isFirstTimeLogin` tinyint(1) NOT NULL DEFAULT 0,
  `type` enum('CUSTOMER', 'MERCHANT', 'ADMIN', '') NOT NULL
) ENGINE = InnoDB DEFAULT CHARSET = utf8mb4 COLLATE = utf8mb4_general_ci;

--
-- Dumping data for table `user`
--
INSERT INTO
  `user` (
    `id`,
    `createdAt`,
    `updatedAt`,
    `userName`,
    `password`,
    `isFirstTimeLogin`,
    `type`
  )
VALUES
  (
    '11ffb377-726b-11ee-9678-00ff02f405b2',
    '2023-10-24 12:44:28',
    '2023-10-24 12:44:28',
    'geraldlee2001',
    '$2y$10$no44VdmTisDWFJTm3gplku8nXxqmybKr2.ps44xjUnLeiegGSqHga',
    0,
    'CUSTOMER'
  ),
  (
    '1485901b-7553-4a57-add9-cbd6bf30be6b',
    '2023-11-13 18:35:35',
    '2023-11-13 18:35:35',
    'test2',
    '$2y$10$loTHPyH472Gtfyxa2nZwpuQxoBHFfHw7gIlnhuFmo.vmjMpYOxMrK',
    0,
    'MERCHANT'
  ),
  (
    '23003a03-1857-4bb0-a29a-927d20e2b2c6',
    '2025-03-15 08:25:27',
    '2025-03-15 08:25:27',
    'organizer2',
    '$2y$12$Wdmx.TmIiY4g.g3Me3vL0.sj3e20sSuGBy7w29f84TRtY46rO/yT6',
    0,
    'MERCHANT'
  ),
  (
    '298abba3-e56b-4d1b-9170-803ddb9edbce',
    '2023-11-13 18:42:59',
    '2023-11-13 18:42:59',
    't4',
    '$2y$10$llOz0NTgqwwnke9JQ0NIsOBlg8Sgq188kYjSvSMTSWbLQSwz98n3i',
    0,
    'MERCHANT'
  ),
  (
    '5861289f-41aa-443e-8c23-15bda430f630',
    '2023-11-17 03:32:14',
    '2023-11-17 03:32:14',
    'mer12',
    '$2y$10$CLA4Tv5E17MupOXDz/v/TeDdopXGv8bFidi8w3f/dTxYT2RGde1Me',
    0,
    'MERCHANT'
  ),
  (
    '5967a9f4-220e-4354-b273-0589e4aa1504',
    '2025-03-11 04:10:41',
    '2025-03-11 04:10:41',
    'organizer1',
    '$2y$12$Wdmx.TmIiY4g.g3Me3vL0.sj3e20sSuGBy7w29f84TRtY46rO/yT6',
    0,
    'MERCHANT'
  ),
  (
    '6195f8fd-8bab-4406-8e6f-39178d6da650',
    '2025-03-13 09:54:29',
    '2025-03-13 09:54:29',
    'geraldlee1111',
    '$2y$12$TXDWwhzJ7W/Dgl6QrGYEGOchH5/HfVasX2HRx8zs.zk4aikc1TiZ.',
    0,
    'MERCHANT'
  ),
  (
    '685523cf-21f7-4e7f-9ac3-e889d8f2e95d',
    '2025-03-16 14:18:52',
    '2025-03-16 14:18:52',
    'organizer4',
    '$2y$12$wpgruN9wRpLbfW5lE7vpWOwJ1dI1O3CiSXBsPDNPreew.HXsIyDoO',
    0,
    'MERCHANT'
  ),
  (
    '740660a2-7237-11ee-9795-3c9c0f64ed48',
    '2023-10-24 06:34:59',
    '2023-10-24 06:34:59',
    'admin',
    '$2y$10$sEdYf/3s8P2M4kndcs.zGOPIB.lRSG30LDCc2.lbDuV4iGCcOPmBu',
    0,
    'ADMIN'
  ),
  (
    '74227764-1883-426a-abc0-dfeb2b05cd6f',
    '2023-11-14 04:49:25',
    '2023-11-14 04:49:25',
    'florence',
    '$2y$10$3seGJtef8k3e9lLER8xwUeufAtWuH3y3FjIsmVX8tcYGDHYooNSqW',
    0,
    'CUSTOMER'
  ),
  (
    '784e3544-0cce-497b-beaa-1675537720b6',
    '2023-11-07 07:28:15',
    '2023-11-07 07:28:15',
    'merchant1',
    '$2y$10$w2zbBkdtsi3vcoNjzBeeB.FUZzBbtWE4btNdBnrmZcriTS9K2EE1y',
    0,
    'MERCHANT'
  ),
  (
    '81755d9f-aad2-4312-aa5a-b1e069df682c',
    '2023-11-13 18:09:35',
    '2023-11-13 18:09:35',
    'merchant2',
    '$2y$10$w2zbBkdtsi3vcoNjzBeeB.FUZzBbtWE4btNdBnrmZcriTS9K2EE1y',
    0,
    'MERCHANT'
  ),
  (
    '8630e8a0-731a-4ea1-aeec-c377be625c91',
    '2023-11-13 18:39:46',
    '2023-11-13 18:39:46',
    'test3',
    '$2y$10$oYuEtJrQkCn4lgs32KiiQexuneH/8xaDfzFmDlcX2w8e9r1FdBOdG',
    0,
    'MERCHANT'
  ),
  (
    '8a056ad8-ef22-48c4-9b49-a30c95a2ae50',
    '2023-11-14 05:40:18',
    '2023-11-14 05:40:18',
    't12',
    '$2y$10$vZFU.S9agozoMq9Tb1HXRu/FL01cXZzDyjLaG8wL4fXHb0MAJAoam',
    0,
    'MERCHANT'
  ),
  (
    '97036cc7-ee6c-495b-a1b0-a0ba5e6be827',
    '2025-03-17 03:49:37',
    '2025-03-17 03:49:37',
    'organizer5',
    '$2y$12$A10Fidjwh/2gTIiPz3d1JuUb3xDFc8B42l1CrMG8AFLiExXHPUdzS',
    1,
    'MERCHANT'
  ),
  (
    'ac3d499a-7c38-4701-be2d-ac23e5f9bc33',
    '2023-11-14 04:29:23',
    '2023-11-14 04:29:23',
    't2',
    '$2y$10$XEtDxJ6e1bUN/r2w.f8EqOoM2OHGQ4XzIsSLClHtAWQY3Dc2UssJi',
    0,
    'MERCHANT'
  ),
  (
    'c63a6e98-be6e-43e7-8361-cf1de904e4ec',
    '2023-11-14 04:48:03',
    '2023-11-14 04:48:03',
    'florencetan',
    '$2y$10$UdFaWSaDxFbWkyE/p3g/juXNtEMHlaYxLB9nG1FlJ2PJavjHHUsye',
    0,
    'CUSTOMER'
  ),
  (
    'd0d96d89-219f-4302-8655-08f47a9d1090',
    '2023-11-13 18:35:09',
    '2023-11-13 18:35:09',
    'test',
    '$2y$10$EczmalqBX1KAwFzRLDS6xuEdKMMGcRVMaIYMUb5st3ZMoF4Mq.h5m',
    0,
    'MERCHANT'
  ),
  (
    'd78b79da-a9bf-4ff0-9a01-cdaf5d2fae10',
    '2025-03-16 13:57:37',
    '2025-03-16 13:57:37',
    'organizer3',
    '$2y$12$Xf/8kg8SeQR91VETS07.oef3lBFHGOaGZQ/SmrpISsyZ1CxE3hw86',
    1,
    'MERCHANT'
  ),
  (
    'f30d08a7-4d3d-461b-a065-23540e7af5b4',
    '2023-11-12 17:40:22',
    '2023-11-12 17:40:22',
    '1234',
    '$2y$10$VOUmZTqKi7XAV6t.Ee79DumC8KPObQBN4yyIjrj9Za8Wjc6yK1vVa',
    0,
    'CUSTOMER'
  ),
  (
    'f7876ea1-909e-425a-8cf7-1000d4c24d65',
    '2023-11-17 03:22:53',
    '2023-11-17 03:22:53',
    'customer',
    '$2y$10$6UDuBbg.CHYND7AvR4w7E.iRvtuIOwVBsfBfUMfh1b6OAmHMbr9R.',
    0,
    'CUSTOMER'
  );

-- --------------------------------------------------------
--
-- Table structure for table `waiting_list`
--
CREATE TABLE `waiting_list` (
  `id` varchar(36) NOT NULL,
  `userId` varchar(36) NOT NULL,
  `productId` varchar(36) NOT NULL,
  `requestDate` timestamp NOT NULL DEFAULT current_timestamp(),
  `status` enum('WAITING', 'NOTIFIED', 'EXPIRED', 'CANCELLED') DEFAULT 'WAITING',
  `notificationDate` timestamp NULL DEFAULT NULL,
  `phone` varchar(20) NOT NULL,
  `email` varchar(255) DEFAULT NULL,
  `preferredContact` enum('EMAIL', 'PHONE', 'BOTH') DEFAULT 'PHONE',
  `notificationAttempts` int(11) DEFAULT 0,
  `lastNotificationAttempt` timestamp NULL DEFAULT NULL,
  `notes` text DEFAULT NULL
) ENGINE = InnoDB DEFAULT CHARSET = utf8mb4 COLLATE = utf8mb4_general_ci;

--
-- Dumping data for table `waiting_list`
--
INSERT INTO
  `waiting_list` (
    `id`,
    `userId`,
    `productId`,
    `requestDate`,
    `status`,
    `notificationDate`,
    `phone`,
    `email`,
    `preferredContact`,
    `notificationAttempts`,
    `lastNotificationAttempt`,
    `notes`
  )
VALUES
  (
    '6c7ab972-70d0-457b-b34d-0477c8369e02',
    '11ffb377-726b-11ee-9678-00ff02f405b2',
    'c182d594-8e76-4eb4-9c80-71c3cf43c498',
    '2025-04-11 18:37:02',
    'WAITING',
    NULL,
    '1',
    'gerald@webby.com.my',
    'PHONE',
    0,
    NULL,
    NULL
  );

--
-- Indexes for dumped tables
--
--
-- Indexes for table `bookings`
--
ALTER TABLE
  `bookings`
ADD
  PRIMARY KEY (`id`),
ADD
  KEY `userId` (`userId`),
ADD
  KEY `productId` (`productId`);

--
-- Indexes for table `booking_seats`
--
ALTER TABLE
  `booking_seats`
ADD
  PRIMARY KEY (`id`);

--
-- Indexes for table `customer`
--
ALTER TABLE
  `customer`
ADD
  PRIMARY KEY (`id`);

--
-- Indexes for table `document`
--
ALTER TABLE
  `document`
ADD
  PRIMARY KEY (`id`);

--
-- Indexes for table `merchants`
--
ALTER TABLE
  `merchants`
ADD
  PRIMARY KEY (`ID`),
ADD
  KEY `FK_MerchantUser` (`userId`);

--
-- Indexes for table `product`
--
ALTER TABLE
  `product`
ADD
  PRIMARY KEY (`ID`),
ADD
  KEY `merchantID` (`merchantID`);

--
-- Indexes for table `promo_codes`
--
ALTER TABLE
  `promo_codes`
ADD
  PRIMARY KEY (`id`),
ADD
  UNIQUE KEY `code` (`code`),
ADD
  KEY `merchantId` (`merchantId`),
ADD
  KEY `productId` (`productId`);

--
-- Indexes for table `seats`
--
ALTER TABLE
  `seats`
ADD
  PRIMARY KEY (`id`);

--
-- Indexes for table `ticket_types`
--
ALTER TABLE
  `ticket_types`
ADD
  PRIMARY KEY (`id`),
ADD
  KEY `eventId` (`eventId`);

--
-- Indexes for table `user`
--
ALTER TABLE
  `user`
ADD
  PRIMARY KEY (`id`);

--
-- Indexes for table `waiting_list`
--
ALTER TABLE
  `waiting_list`
ADD
  PRIMARY KEY (`id`);

--
-- AUTO_INCREMENT for dumped tables
--
--
-- AUTO_INCREMENT for table `booking_seats`
--
ALTER TABLE
  `booking_seats`
MODIFY
  `id` int(11) NOT NULL AUTO_INCREMENT,
  AUTO_INCREMENT = 10;

--
-- Constraints for dumped tables
--
--
-- Constraints for table `bookings`
--
ALTER TABLE
  `bookings`
ADD
  CONSTRAINT `bookings_ibfk_1` FOREIGN KEY (`userId`) REFERENCES `user` (`id`),
ADD
  CONSTRAINT `bookings_ibfk_2` FOREIGN KEY (`productId`) REFERENCES `product` (`ID`);

--
-- Constraints for table `promo_codes`
--
ALTER TABLE
  `promo_codes`
ADD
  CONSTRAINT `promo_codes_ibfk_1` FOREIGN KEY (`merchantId`) REFERENCES `merchants` (`ID`),
ADD
  CONSTRAINT `promo_codes_ibfk_2` FOREIGN KEY (`productId`) REFERENCES `product` (`ID`);

--
-- Constraints for table `ticket_types`
--
ALTER TABLE
  `ticket_types`
ADD
  CONSTRAINT `ticket_types_ibfk_1` FOREIGN KEY (`eventId`) REFERENCES `product` (`ID`);

COMMIT;

/*!40101 SET CHARACTER_SET_CLIENT=@OLD_CHARACTER_SET_CLIENT */
;

/*!40101 SET CHARACTER_SET_RESULTS=@OLD_CHARACTER_SET_RESULTS */
;

/*!40101 SET COLLATION_CONNECTION=@OLD_COLLATION_CONNECTION */
;